632 + 585,1217
595 - 562,33
23 + 732,755
569 + 126,695
668 - 178,490
242 - 154,88
67 + 988,1055
981 - 586,395
551 + 954,1505
611 - 35,576
475 + 569,1044
989 - 510,479
626 + 848,1474
829 - 779,50
369 + 344,713
387 - 17,370
791 - 789,2
574 - 292,282
519 - 256,263
118 + 722,840
663 + 799,1462
342 + 311,653
600 + 899,1499
760 + 733,1493
956 + 93,1049
324 - 216,108
825 - 821,4
470 + 636,1106
605 + 262,867
586 + 746,1332
598 + 524,1122
727 + 778,1505
753 + 538,1291
462 + 45,507
345 - 295,50
853 + 602,1455
863 - 718,145
987 - 620,367
943 + 432,1375
866 - 142,724
927 - 389,538
848 - 177,671
973 - 746,227
580 + 29,609
804 - 372,432
937 - 307,630
712 + 805,1517
600 - 413,187
374 - 152,222
660 - 408,252
566 + 897,1463
279 + 573,852
266 - 87,179
502 + 26,528
692 + 793,1485
868 - 389,479
539 + 669,1208
887 - 333,554
130 + 477,607
661 - 56,605
501 + 123,624
884 - 791,93
829 - 693,136
419 + 465,884
575 + 540,1115
487 - 131,356
24 + 456,480
359 + 870,1229
238 + 117,355
747 + 987,1734
552 - 248,304
811 - 534,277
856 - 344,512
767 + 142,909
364 + 594,958
787 - 325,462
417 + 899,1316
897 + 412,1309
712 + 51,763
81 + 458,539
347 + 528,875
920 - 371,549
783 - 724,59
772 - 537,235
719 - 701,18
911 + 906,1817
755 + 830,1585
919 + 200,1119
627 + 350,977
767 + 642,1409
421 + 87,508
825 - 253,572
426 - 289,137
463 + 82,545
73 + 539,612
566 - 348,218
604 - 8,596
720 - 573,147
421 + 833,1254
995 - 932,63
483 - 73,410
236 + 297,533
906 - 194,712
292 + 299,591
249 + 328,577
328 - 169,159
189 - 19,170
927 - 25,902
553 + 559,1112
274 + 12,286
652 - 225,427
331 + 878,1209
732 - 671,61
49 + 515,564
373 + 755,1128
854 - 838,16
404 + 683,1087
409 - 45,364
616 + 208,824
115 + 942,1057
991 - 218,773
451 - 419,32
737 - 352,385
843 - 268,575
495 + 100,595
635 + 331,966
934 - 638,296
989 - 471,518
607 + 79,686
936 - 111,825
637 + 206,843
568 - 302,266
666 - 437,229
876 + 204,1080
339 + 106,445
237 + 688,925
830 - 479,351
687 - 537,150
671 + 656,1327
959 - 89,870
681 - 48,633
901 - 730,171
941 + 446,1387
782 - 505,277
607 - 431,176
963 + 782,1745
143 + 942,1085
884 + 665,1549
77 + 681,758
407 - 374,33
273 + 704,977
902 - 570,332
198 - 106,92
759 + 286,1045
15 + 588,603
572 - 287,285
208 + 177,385
266 - 46,220
823 + 681,1504
872 + 969,1841
750 - 246,504
711 + 991,1702
83 + 585,668
635 + 856,1491
586 + 368,954
133 + 862,995
835 - 231,604
873 + 802,1675
727 - 709,18
791 + 573,1364
299 + 66,365
930 + 348,1278
829 - 383,446
993 - 708,285
637 + 201,838
980 - 750,230
116 + 992,1108
410 + 417,827
617 + 590,1207
947 - 740,207
822 - 439,383
292 + 287,579
280 - 28,252
346 - 224,122
517 - 96,421
771 - 71,700
989 - 601,388
968 + 606,1574
501 + 427,928
705 - 637,68
272 + 477,749
873 + 629,1502
23 + 38,61
892 - 826,66
831 + 854,1685
118 - 115,3
478 - 70,408
450 - 119,331
725 + 375,1100
987 + 138,1125
304 - 98,206
913 - 214,699
547 - 112,435
570 - 354,216
802 - 178,624
815 - 704,111
666 - 143,523
495 + 298,793
652 + 686,1338
26 + 36,62
765 + 586,1351
716 + 460,1176
533 + 938,1471
796 - 607,189
111 + 54,165
407 - 347,60
548 + 475,1023
188 + 496,684
747 - 698,49
605 + 429,1034
940 - 293,647
170 + 455,625
185 + 2,187
69 + 512,581
879 - 680,199
738 - 200,538
512 - 73,439
759 + 627,1386
517 - 197,320
658 + 967,1625
182 + 655,837
585 + 88,673
365 + 456,821
557 - 308,249
905 + 298,1203
482 - 50,432
707 - 612,95
720 - 415,305
176 - 136,40
315 + 419,734
920 + 542,1462
911 - 753,158
991 + 65,1056
351 - 79,272
270 - 170,100
938 - 268,670
461 - 24,437
947 + 932,1879
345 - 263,82
664 - 41,623
249 - 153,96
221 + 192,413
229 - 75,154
733 - 704,29
772 - 35,737
560 + 406,966
221 + 154,375
705 - 686,19
743 - 130,613
816 + 488,1304
151 + 740,891
686 - 192,494
991 + 565,1556
995 - 385,610
889 - 287,602
368 - 300,68
813 - 194,619
856 + 815,1671
300 + 792,1092
644 + 580,1224
640 - 604,36
119 + 887,1006
270 + 22,292
339 + 480,819
504 + 186,690
807 - 266,541
990 - 105,885
526 + 559,1085
142 - 95,47
393 - 286,107
868 + 450,1318
994 - 771,223
468 + 127,595
140 + 372,512
191 - 186,5
953 + 481,1434
696 + 338,1034
882 - 28,854
310 + 130,440
758 - 5,753
580 - 530,50
835 + 101,936
791 - 591,200
963 - 503,460
998 + 276,1274
309 + 615,924
887 - 518,369
768 - 716,52
921 + 240,1161
704 - 116,588
657 - 275,382
626 - 538,88
615 + 787,1402
79 + 918,997
668 - 133,535
556 - 230,326
660 - 127,533
884 + 226,1110
739 - 88,651
352 - 248,104
459 - 101,358
477 + 154,631
919 - 751,168
664 + 787,1451
745 - 626,119
176 + 177,353
270 + 671,941
589 + 670,1259
270 + 650,920
985 - 886,99
690 - 359,331
948 - 88,860
743 + 136,879
429 + 229,658
880 - 477,403
944 + 210,1154
824 - 489,335
722 - 593,129
490 + 294,784
856 - 642,214
248 - 227,21
722 - 309,413
862 - 553,309
909 - 412,497
100 - 95,5
864 - 389,475
520 + 614,1134
642 - 583,59
210 + 552,762
387 - 328,59
774 - 228,546
88 + 311,399
952 - 821,131
543 + 921,1464
430 - 108,322
322 + 232,554
965 - 253,712
345 + 332,677
259 - 19,240
319 - 304,15
811 - 736,75
439 - 372,67
805 + 716,1521
332 - 211,121
115 + 405,520
513 - 476,37
990 - 591,399
949 - 449,500
511 - 242,269
533 + 429,962
578 + 924,1502
870 - 862,8
267 + 855,1122
861 - 71,790
698 + 642,1340
867 + 636,1503
911 - 841,70
666 - 558,108
947 + 225,1172
991 - 859,132
124 + 69,193
59 + 823,882
303 - 266,37
936 - 670,266
457 + 638,1095
100 + 112,212
332 + 356,688
903 + 317,1220
895 - 164,731
677 + 19,696
75 + 916,991
634 - 375,259
817 + 292,1109
194 - 72,122
893 - 847,46
210 + 527,737
637 + 826,1463
817 - 2,815
151 + 18,169
939 - 544,395
756 + 626,1382
196 + 337,533
518 - 129,389
991 + 292,1283
808 - 88,720
978 - 465,513
740 - 708,32
264 - 81,183
190 + 982,1172
885 - 104,781
315 + 623,938
923 + 99,1022
854 - 139,715
407 + 49,456
329 - 50,279
763 - 292,471
958 + 95,1053
595 - 87,508
923 - 239,684
688 - 485,203
490 - 408,82
645 - 86,559
325 + 627,952
598 - 375,223
758 + 695,1453
773 - 316,457
874 - 726,148
674 - 654,20
448 + 119,567
767 - 3,764
239 + 845,1084
58 + 589,647
758 - 16,742
440 - 144,296
565 - 512,53
764 - 171,593
342 + 954,1296
77 + 746,823
926 + 622,1548
692 - 257,435
705 + 753,1458
404 + 743,1147
742 - 645,97
83 + 282,365
299 + 929,1228
568 - 26,542
753 - 572,181
935 + 767,1702
521 + 608,1129
654 - 206,448
87 + 130,217
428 + 504,932
688 + 729,1417
587 - 341,246
690 + 365,1055
446 + 69,515
646 + 987,1633
542 + 76,618
590 - 413,177
265 - 244,21
911 + 975,1886
882 + 243,1125
769 - 73,696
763 + 308,1071
495 - 309,186
900 + 319,1219
639 - 393,246
792 - 642,150
696 - 123,573
688 - 605,83
866 + 500,1366
961 + 65,1026
752 + 761,1513
512 + 296,808
533 - 246,287
494 - 307,187
604 + 869,1473
516 + 807,1323
884 + 864,1748
881 + 229,1110
282 + 878,1160
539 + 387,926
369 + 88,457
135 + 90,225
145 - 44,101
794 - 48,746
712 + 642,1354
101 + 485,586
710 + 264,974
890 - 191,699
109 - 88,21
162 + 517,679
818 + 696,1514
785 - 483,302
177 + 932,1109
92 - 91,1
907 - 89,818
73 + 126,199
314 + 464,778
609 - 282,327
430 + 192,622
792 - 339,453
881 + 209,1090
385 + 481,866
454 + 289,743
148 + 339,487
940 - 915,25
493 - 399,94
805 + 730,1535
536 - 165,371
392 - 59,333
956 - 532,424
864 - 717,147
669 - 19,650
703 + 428,1131
979 - 673,306
576 - 434,142
627 + 830,1457
418 + 835,1253
329 + 350,679
394 - 198,196
884 + 34,918
798 - 391,407
850 + 245,1095
498 + 158,656
446 - 100,346
613 - 463,150
380 + 208,588
21 + 377,398
98 + 901,999
499 + 306,805
422 - 361,61
698 - 303,395
599 - 411,188
357 + 553,910
345 - 231,114
726 + 695,1421
140 + 776,916
118 + 171,289
541 - 249,292
198 + 740,938
669 + 309,978
555 - 512,43
443 + 669,1112
985 - 7,978
856 - 597,259
94 + 836,930
352 + 272,624
270 - 247,23
16 + 789,805
617 - 101,516
850 - 137,713
671 - 229,442
900 + 163,1063
642 + 271,913
428 + 498,926
600 + 533,1133
887 - 558,329
598 + 349,947
961 - 420,541
402 - 118,284
552 - 123,429
864 - 23,841
982 - 971,11
150 - 46,104
608 - 352,256
454 + 392,846
912 + 169,1081
989 + 588,1577
388 + 266,654
705 - 238,467
732 - 93,639
156 + 532,688
708 - 319,389
453 - 8,445
113 - 46,67
820 - 724,96
622 + 783,1405
435 + 112,547
709 - 160,549
634 - 441,193
738 - 20,718
26 + 926,952
261 - 251,10
914 + 851,1765
779 - 181,598
765 - 382,383
318 + 291,609
766 + 451,1217
916 + 652,1568
206 + 461,667
808 - 112,696
122 + 748,870
711 - 610,101
720 + 872,1592
478 + 329,807
455 + 409,864
932 + 357,1289
486 - 408,78
558 + 120,678
501 - 184,317
498 - 274,224
319 - 0,319
624 + 202,826
667 - 167,500
825 - 235,590
992 - 728,264
921 - 557,364
868 - 257,611
979 - 543,436
524 - 378,146
920 + 608,1528
291 + 862,1153
678 + 577,1255
728 - 349,379
980 + 576,1556
328 - 76,252
766 + 594,1360
201 + 177,378
396 - 75,321
21 + 249,270
683 + 355,1038
851 + 779,1630
814 - 250,564
90 + 853,943
938 + 319,1257
536 + 491,1027
636 - 283,353
478 + 29,507
150 + 952,1102
702 + 100,802
92 + 967,1059
822 + 293,1115
900 + 286,1186
482 - 345,137
360 + 619,979
689 - 208,481
186 - 96,90
762 - 355,407
819 - 342,477
784 - 401,383
136 + 41,177
922 - 624,298
667 - 15,652
426 - 308,118
643 - 375,268
8 + 994,1002
392 + 408,800
637 - 119,518
44 + 612,656
435 - 88,347
867 - 351,516
338 + 111,449
17 + 983,1000
650 + 235,885
689 + 221,910
769 + 219,988
677 + 983,1660
785 - 688,97
431 - 183,248
673 - 349,324
563 + 234,797
997 - 333,664
860 + 505,1365
173 + 221,394
767 + 462,1229
221 - 101,120
746 - 185,561
884 - 864,20
505 - 2,503
908 - 24,884
665 - 257,408
417 + 140,557
280 + 58,338
840 + 285,1125
895 - 402,493
856 - 693,163
925 - 206,719
802 - 674,128
213 + 132,345
987 - 657,330
620 - 120,500
858 - 24,834
618 + 889,1507
760 - 545,215
939 + 18,957
289 - 171,118
103 - 63,40
688 - 498,190
853 + 339,1192
552 - 39,513
25 + 778,803
111 + 965,1076
750 + 709,1459
540 - 238,302
207 - 66,141
679 - 344,335
533 + 778,1311
12 + 242,254
349 + 43,392
591 - 300,291
996 - 141,855
217 + 84,301
732 + 235,967
379 - 33,346
847 + 775,1622
686 + 411,1097
544 - 462,82
552 - 415,137
922 - 193,729
204 + 125,329
904 + 771,1675
416 + 161,577
901 - 604,297
144 - 81,63
956 - 129,827
954 - 139,815
362 + 385,747
116 + 174,290
973 + 899,1872
795 + 901,1696
538 - 100,438
561 + 811,1372
102 + 950,1052
847 + 156,1003
498 - 479,19
528 + 333,861
373 + 92,465
686 - 653,33
724 - 285,439
490 + 804,1294
343 + 23,366
146 + 115,261
193 + 107,300
884 - 805,79
425 - 272,153
840 - 353,487
719 + 758,1477
481 + 486,967
130 - 111,19
634 - 514,120
932 + 216,1148
858 - 489,369
764 + 946,1710
464 + 428,892
605 + 919,1524
953 + 663,1616
622 + 815,1437
432 - 40,392
943 + 489,1432
102 + 877,979
252 + 873,1125
726 + 698,1424
390 - 302,88
737 + 339,1076
929 - 320,609
774 - 221,553
423 + 67,490
801 - 695,106
948 - 483,465
788 - 712,76
794 + 249,1043
939 + 195,1134
819 - 397,422
296 + 688,984
26 + 67,93
312 - 260,52
779 - 714,65
972 + 647,1619
745 - 354,391
2 + 296,298
600 - 347,253
353 + 470,823
683 + 851,1534
969 + 882,1851
987 - 231,756
356 - 143,213
923 - 182,741
268 - 109,159
972 - 897,75
16 + 418,434
240 - 189,51
162 + 15,177
185 + 984,1169
112 + 244,356
859 - 844,15
260 + 357,617
938 - 180,758
550 + 767,1317
512 - 506,6
383 + 675,1058
541 - 313,228
671 - 335,336
958 + 763,1721
502 + 724,1226
939 - 749,190
666 - 327,339
501 + 952,1453
613 + 160,773
670 - 2,668
911 - 116,795
220 + 23,243
692 + 132,824
936 - 778,158
936 + 496,1432
928 - 504,424
355 + 87,442
0 + 470,470
500 + 548,1048
695 - 233,462
528 + 783,1311
928 - 370,558
852 + 370,1222
547 - 510,37
447 - 315,132
429 + 225,654
920 - 1,919
188 + 938,1126
991 - 942,49
841 - 814,27
611 + 589,1200
562 - 406,156
51 + 617,668
501 - 149,352
984 - 416,568
95 + 132,227
956 - 747,209
374 + 257,631
860 - 296,564
920 - 616,304
735 - 249,486
197 + 377,574
341 + 838,1179
166 - 21,145
540 - 339,201
755 + 611,1366
948 - 711,237
938 - 372,566
995 - 555,440
920 - 820,100
629 - 396,233
379 + 443,822
94 + 275,369
465 + 110,575
987 + 638,1625
509 + 604,1113
523 - 136,387
419 + 157,576
92 + 866,958
809 + 270,1079
261 + 309,570
818 - 612,206
481 - 307,174
355 - 222,133
497 + 136,633
40 + 283,323
629 - 189,440
942 - 601,341
982 - 28,954
867 - 518,349
332 + 430,762
627 - 498,129
808 - 299,509
998 - 429,569
912 + 164,1076
987 + 617,1604
227 + 24,251
407 - 99,308
694 - 137,557
720 - 150,570
491 - 436,55
271 + 919,1190
889 - 27,862
722 - 626,96
669 + 127,796
839 - 134,705
955 + 100,1055
970 - 918,52
392 + 247,639
934 - 84,850
779 - 655,124
103 - 40,63
795 + 345,1140
638 - 220,418
812 - 44,768
739 + 353,1092
178 + 313,491
285 - 200,85
814 + 380,1194
389 + 281,670
984 - 520,464
182 + 558,740
612 - 231,381
928 + 776,1704
602 - 368,234
787 - 14,773
711 - 403,308
883 - 595,288
135 + 671,806
38 + 41,79
621 + 668,1289
133 + 209,342
315 + 998,1313
813 - 625,188
811 + 925,1736
971 - 628,343
820 - 166,654
66 + 404,470
605 - 180,425
165 + 913,1078
367 + 789,1156
964 + 339,1303
926 - 399,527
954 - 568,386
70 + 691,761
266 + 961,1227
831 + 443,1274
374 + 163,537
63 + 846,909
966 - 88,878
764 - 443,321
528 + 163,691
26 + 400,426
991 + 333,1324
337 + 733,1070
748 + 578,1326
896 - 823,73
781 + 261,1042
576 - 14,562
616 + 443,1059
450 + 853,1303
462 + 459,921
273 + 606,879
906 + 367,1273
642 - 261,381
768 - 669,99
967 - 89,878
594 + 685,1279
825 + 251,1076
106 - 72,34
713 + 251,964
297 - 210,87
968 - 603,365
639 - 514,125
568 - 329,239
756 - 335,421
802 - 765,37
563 - 385,178
440 + 158,598
749 + 145,894
992 - 918,74
462 + 455,917
917 + 830,1747
795 - 57,738
339 - 200,139
505 + 331,836
467 - 311,156
772 - 26,746
112 + 241,353
304 - 205,99
478 - 251,227
679 + 523,1202
788 + 794,1582
276 + 743,1019
199 - 184,15
603 - 221,382
569 - 432,137
546 - 162,384
436 + 141,577
901 + 711,1612
295 - 240,55
176 + 956,1132
194 + 599,793
662 + 297,959
987 + 786,1773
853 - 759,94
976 - 450,526
41 + 869,910
687 - 81,606
273 + 298,571
663 - 525,138
149 + 189,338
422 + 279,701
262 + 78,340
488 - 441,47
776 + 427,1203
833 - 742,91
153 + 739,892
979 - 697,282
611 - 74,537
950 - 695,255
772 + 222,994
467 - 189,278
129 + 751,880
512 + 587,1099
496 - 167,329
654 + 454,1108
272 - 239,33
636 - 628,8
520 - 153,367
471 - 302,169
428 + 882,1310
791 - 620,171
958 - 408,550
923 + 791,1714
57 + 168,225
284 + 419,703
545 + 68,613
657 - 303,354
389 + 535,924
582 - 560,22
466 + 402,868
860 - 463,397
711 - 453,258
446 - 309,137
769 - 88,681
776 + 317,1093
402 + 2,404
604 - 204,400
668 + 557,1225
529 - 147,382
44 + 926,970
484 + 703,1187
419 + 178,597
527 + 917,1444
840 - 657,183
614 + 903,1517
741 + 326,1067
279 + 402,681
349 + 988,1337
432 + 661,1093
683 + 160,843
901 - 655,246
307 - 273,34
183 - 53,130
428 + 32,460
230 - 5,225
592 + 989,1581
986 - 152,834
907 - 241,666
387 + 773,1160
306 - 245,61
605 + 789,1394
780 - 118,662
138 + 87,225
971 - 422,549
92 + 333,425
645 - 356,289
293 - 1,292
396 - 357,39
99 + 238,337
428 + 863,1291
11 + 89,100
646 - 222,424
248 + 224,472
527 + 978,1505
852 - 108,744
323 - 249,74
944 - 474,470
899 + 171,1070
396 + 409,805
685 + 624,1309
722 - 555,167
933 - 10,923
901 - 445,456
532 + 804,1336
920 + 182,1102
678 + 46,724
347 + 541,888
276 - 102,174
780 - 604,176
438 + 434,872
328 - 298,30
772 - 664,108
179 + 837,1016
830 + 713,1543
782 - 416,366
776 - 522,254
882 - 109,773
691 + 924,1615
443 + 148,591
237 - 179,58
581 + 557,1138
17 + 643,660
371 - 133,238
666 - 182,484
383 - 365,18
852 - 757,95
24 + 87,111
117 + 297,414
181 + 656,837
472 - 434,38
720 - 627,93
542 - 193,349
361 + 646,1007
326 - 100,226
593 + 582,1175
97 + 812,909
27 + 120,147
654 - 556,98
189 - 102,87
937 - 217,720
807 + 787,1594
578 - 464,114
274 - 189,85
55 + 11,66
637 - 38,599
941 - 52,889
599 - 174,425
932 - 714,218
393 - 127,266
899 - 201,698
143 + 991,1134
175 + 376,551
982 + 430,1412
772 - 324,448
588 - 451,137
4 + 508,512
834 + 731,1565
270 - 100,170
881 - 260,621
20 + 179,199
490 - 162,328
204 + 221,425
113 + 491,604
310 + 761,1071
667 + 506,1173
211 + 416,627
240 + 99,339
824 + 795,1619
961 - 753,208
840 - 774,66
117 + 343,460
698 - 321,377
269 - 104,165
913 + 540,1453
947 - 685,262
835 - 378,457
539 + 69,608
927 - 207,720
455 + 803,1258
782 - 396,386
669 + 963,1632
969 - 365,604
735 - 406,329
602 + 543,1145
839 - 193,646
408 + 816,1224
907 + 58,965
869 + 593,1462
608 + 689,1297
776 - 644,132
417 + 653,1070
875 - 229,646
814 - 311,503
868 - 739,129
751 + 857,1608
722 + 551,1273
822 - 581,241
774 + 718,1492
652 + 630,1282
968 - 451,517
413 + 459,872
321 + 339,660
878 + 981,1859
476 - 97,379
363 - 326,37
800 - 68,732
779 - 191,588
387 - 7,380
834 - 391,443
251 + 411,662
248 + 579,827
328 - 278,50
843 + 281,1124
872 - 284,588
256 - 102,154
111 + 352,463
702 - 2,700
189 + 346,535
983 - 308,675
587 - 102,485
519 + 544,1063
863 - 18,845
771 + 303,1074
707 - 285,422
434 - 90,344
937 - 862,75
921 - 563,358
911 - 595,316
446 - 191,255
962 + 388,1350
530 + 62,592
407 - 0,407
759 + 60,819
395 + 520,915
236 - 205,31
666 + 63,729
538 - 3,535
467 - 300,167
979 + 661,1640
864 - 644,220
539 - 399,140
771 + 708,1479
959 + 86,1045
454 - 289,165
457 - 436,21
964 - 706,258
576 - 227,349
273 + 938,1211
770 + 211,981
793 + 759,1552
860 - 99,761
445 + 583,1028
976 + 19,995
672 - 49,623
726 - 668,58
420 + 343,763
843 + 399,1242
347 + 880,1227
654 - 539,115
986 - 829,157
884 - 285,599
704 + 261,965
991 - 574,417
517 - 448,69
257 - 117,140
516 - 462,54
628 - 598,30
146 + 556,702
737 + 49,786
973 + 882,1855
981 - 105,876
778 - 468,310
432 + 978,1410
840 - 518,322
819 - 568,251
630 - 407,223
604 - 511,93
868 - 345,523
426 + 569,995
612 + 50,662
719 + 265,984
815 - 532,283
796 - 515,281
335 + 346,681
724 + 48,772
884 - 211,673
512 + 328,840
944 - 318,626
980 + 453,1433
943 - 653,290
357 - 260,97
944 - 778,166
296 - 228,68
144 - 80,64
839 - 457,382
538 + 739,1277
16 + 839,855
663 - 53,610
379 - 375,4
659 - 208,451
471 + 963,1434
898 + 843,1741
304 + 118,422
1 + 750,751
927 - 906,21
268 + 981,1249
491 + 399,890
953 + 181,1134
122 - 73,49
583 - 232,351
310 + 612,922
940 - 322,618
959 - 174,785
889 - 432,457
928 + 892,1820
390 + 845,1235
597 - 350,247
923 + 457,1380
213 - 118,95
970 - 114,856
812 - 688,124
598 - 545,53
569 - 139,430
500 - 28,472
267 + 997,1264
581 - 257,324
835 - 584,251
414 - 91,323
495 - 179,316
331 + 124,455
588 + 236,824
282 + 105,387
879 - 224,655
444 + 388,832
785 - 77,708
225 + 367,592
725 + 64,789
29 + 873,902
52 + 630,682
817 + 500,1317
689 - 117,572
559 - 1,558
988 - 459,529
804 - 593,211
411 - 298,113
380 - 185,195
702 - 164,538
157 - 71,86
75 + 732,807
338 - 157,181
394 + 685,1079
744 + 679,1423
981 - 206,775
476 + 103,579
18 + 178,196
842 - 490,352
550 + 788,1338
584 - 567,17
845 + 59,904
676 - 392,284
675 - 40,635
95 + 268,363
616 + 942,1558
431 + 654,1085
494 - 108,386
838 + 975,1813
117 + 695,812
323 + 957,1280
867 - 837,30
769 - 286,483
798 - 693,105
994 - 570,424
977 - 808,169
422 - 391,31
237 + 640,877
509 + 537,1046
506 - 329,177
989 - 317,672
748 - 487,261
841 - 319,522
307 + 341,648
858 - 328,530
699 - 66,633
822 + 326,1148
462 - 40,422
654 - 431,223
237 - 29,208
240 + 100,340
35 + 516,551
873 + 185,1058
789 + 258,1047
441 + 697,1138
745 + 93,838
572 + 552,1124
321 - 174,147
366 + 353,719
686 - 501,185
709 - 545,164
835 + 351,1186
145 + 406,551
532 + 19,551
579 - 251,328
549 - 385,164
73 + 729,802
909 + 978,1887
305 - 74,231
570 + 354,924
781 - 545,236
626 + 579,1205
658 + 714,1372
220 + 690,910
153 + 606,759
90 + 27,117
37 + 548,585
805 + 494,1299
498 + 86,584
100 + 940,1040
296 + 780,1076
515 - 245,270
592 + 218,810
393 + 518,911
762 - 592,170
593 - 327,266
138 + 464,602
851 + 773,1624
173 + 241,414
446 - 371,75
635 - 525,110
640 + 835,1475
458 + 960,1418
543 - 73,470
460 + 222,682
552 + 129,681
754 - 128,626
466 + 991,1457
675 + 985,1660
827 - 181,646
700 + 70,770
509 + 387,896
290 - 124,166
618 + 221,839
271 - 194,77
819 + 567,1386
603 + 476,1079
48 + 382,430
808 + 987,1795
970 + 732,1702
674 + 160,834
985 + 965,1950
575 - 13,562
721 + 450,1171
109 + 619,728
357 - 158,199
774 - 198,576
658 - 146,512
420 - 72,348
741 - 99,642
39 + 483,522
338 + 482,820
980 - 427,553
381 - 167,214
312 + 402,714
829 - 456,373
252 + 843,1095
576 + 104,680
30 + 698,728
893 - 306,587
992 - 710,282
911 + 836,1747
569 + 40,609
626 + 871,1497
940 - 716,224
51 - 2,49
345 + 942,1287
635 + 1,636
78 + 442,520
453 - 278,175
435 + 584,1019
491 - 133,358
261 + 697,958
478 + 674,1152
300 + 702,1002
45 + 985,1030
709 - 550,159
761 + 336,1097
667 - 116,551
793 - 674,119
635 - 219,416
136 + 676,812
476 - 82,394
400 - 193,207
801 + 453,1254
299 + 174,473
947 - 269,678
575 + 118,693
827 + 725,1552
523 + 500,1023
86 + 178,264
316 + 498,814
368 + 969,1337
527 - 408,119
218 - 193,25
945 - 503,442
538 + 237,775
634 + 129,763
382 + 543,925
532 + 240,772
959 - 718,241
249 - 240,9
37 + 490,527
831 + 573,1404
838 + 383,1221
994 - 389,605
877 - 31,846
642 - 582,60
894 - 630,264
642 + 114,756
627 - 109,518
520 - 83,437
120 + 85,205
13 + 55,68
841 + 18,859
514 + 664,1178
811 + 988,1799
826 + 265,1091
579 - 335,244
765 - 593,172
448 + 726,1174
978 - 546,432
703 - 251,452
957 - 20,937
641 - 71,570
602 - 459,143
781 - 348,433
785 - 484,301
358 - 201,157
650 + 65,715
705 - 625,80
788 - 480,308
536 - 315,221
794 - 33,761
990 - 885,105
143 - 97,46
232 - 81,151
992 - 762,230
882 + 382,1264
354 + 794,1148
799 - 427,372
640 - 311,329
147 + 418,565
772 - 275,497
864 - 541,323
468 - 70,398
314 + 875,1189
926 - 647,279
598 + 56,654
638 + 616,1254
918 - 12,906
359 - 211,148
279 + 450,729
268 - 57,211
126 + 300,426
512 - 28,484
518 + 412,930
490 + 639,1129
264 + 384,648
474 + 122,596
956 - 499,457
577 - 58,519
590 - 445,145
883 - 620,263
999 + 60,1059
358 - 198,160
922 + 143,1065
692 - 50,642
955 - 931,24
194 - 137,57
905 + 284,1189
782 - 154,628
885 - 638,247
248 + 219,467
746 + 369,1115
527 - 281,246
253 + 963,1216
815 - 561,254
460 - 300,160
231 + 167,398
169 + 542,711
6 + 978,984
867 + 15,882
309 - 202,107
22 + 84,106
154 - 116,38
993 - 23,970
283 + 687,970
336 + 552,888
567 - 12,555
785 + 977,1762
475 - 325,150
5 + 201,206
983 - 805,178
599 - 338,261
818 - 406,412
275 + 420,695
800 - 223,577
272 - 109,163
24 + 938,962
780 - 740,40
531 - 136,395
543 + 542,1085
155 + 272,427
539 - 225,314
615 - 243,372
761 - 579,182
920 - 394,526
937 + 898,1835
613 - 545,68
465 - 54,411
343 - 59,284
970 - 821,149
292 + 72,364
639 - 65,574
592 + 114,706
24 - 7,17
835 - 497,338
12 + 90,102
835 - 686,149
209 + 872,1081
708 - 89,619
764 - 284,480
96 + 534,630
480 - 408,72
373 + 207,580
980 - 284,696
672 + 814,1486
258 + 740,998
961 - 660,301
217 - 129,88
495 - 169,326
818 + 531,1349
772 - 294,478
991 - 582,409
951 + 884,1835
32 + 198,230
723 - 351,372
209 + 272,481
451 - 152,299
879 + 39,918
592 + 13,605
901 - 849,52
732 - 549,183
742 + 586,1328
540 + 497,1037
287 - 270,17
748 - 716,32
723 + 124,847
321 + 852,1173
563 - 414,149
673 - 558,115
213 + 338,551
854 + 173,1027
341 + 878,1219
701 - 538,163
548 + 755,1303
460 + 63,523
480 - 255,225
525 - 246,279
559 - 449,110
644 - 386,258
485 + 177,662
461 + 264,725
744 + 17,761
638 - 413,225
169 - 29,140
971 - 34,937
776 - 435,341
872 + 744,1616
719 + 482,1201
274 - 259,15
405 + 935,1340
989 - 156,833
460 + 288,748
760 + 86,846
281 + 851,1132
542 + 236,778
330 + 696,1026
949 - 636,313
990 - 261,729
904 - 518,386
223 + 329,552
422 + 264,686
873 - 629,244
444 + 739,1183
373 + 992,1365
49 - 43,6
590 - 408,182
790 - 723,67
718 - 524,194
118 + 23,141
952 - 339,613
438 + 821,1259
134 + 452,586
669 - 479,190
160 + 153,313
875 - 737,138
615 + 350,965
736 - 141,595
906 + 759,1665
348 + 167,515
629 - 70,559
252 - 12,240
900 - 522,378
269 + 887,1156
889 + 969,1858
229 + 910,1139
699 + 892,1591
396 + 105,501
933 + 476,1409
534 - 52,482
995 + 10,1005
933 + 58,991
195 + 501,696
810 + 799,1609
655 - 204,451
275 + 877,1152
213 + 969,1182
921 - 867,54
952 - 775,177
272 - 132,140
939 + 255,1194
408 + 797,1205
937 - 27,910
963 - 631,332
193 + 362,555
108 + 100,208
960 - 575,385
729 + 513,1242
728 - 476,252
757 + 699,1456
464 - 189,275
225 - 75,150
776 + 929,1705
610 - 408,202
357 + 342,699
130 + 717,847
866 - 512,354
943 - 675,268
681 - 461,220
972 - 840,132
844 - 566,278
967 + 157,1124
222 - 160,62
815 + 28,843
721 - 50,671
674 + 788,1462
649 + 67,716
643 - 90,553
184 + 130,314
933 - 841,92
40 - 0,40
913 - 482,431
175 + 14,189
729 - 196,533
481 + 746,1227
890 + 28,918
477 + 388,865
551 + 556,1107
615 - 487,128
422 - 51,371
542 - 130,412
867 - 87,780
224 + 964,1188
948 + 963,1911
681 - 258,423
687 + 726,1413
910 + 36,946
354 + 887,1241
436 - 404,32
662 - 93,569
657 + 750,1407
124 + 865,989
870 + 780,1650
828 - 698,130
792 - 364,428
41 + 170,211
951 - 95,856
254 + 114,368
806 + 474,1280
724 - 112,612
718 - 565,153
5 + 134,139
669 + 581,1250
697 + 383,1080
714 - 445,269
803 + 389,1192
142 - 93,49
549 + 82,631
769 - 311,458
2 + 938,940
590 - 311,279
971 - 910,61
75 + 218,293
98 + 198,296
374 - 52,322
657 + 870,1527
868 - 576,292
38 - 12,26
246 + 100,346
472 + 676,1148
758 + 268,1026
894 + 728,1622
886 + 271,1157
597 - 189,408
751 + 296,1047
717 + 459,1176
544 + 245,789
586 - 98,488
819 - 155,664
343 + 475,818
979 - 296,683
685 + 863,1548
900 + 61,961
989 - 13,976
979 - 773,206
997 + 268,1265
845 + 810,1655
914 + 2,916
235 + 350,585
821 - 545,276
440 - 204,236
863 - 264,599
375 - 338,37
223 + 196,419
752 - 100,652
618 + 53,671
785 + 818,1603
621 - 354,267
1 + 4,5
506 - 489,17
260 - 254,6
11 + 644,655
714 - 713,1
258 - 246,12
160 + 317,477
832 - 293,539
811 + 545,1356
28 + 40,68
624 - 383,241
226 - 163,63
762 + 375,1137
835 + 991,1826
906 + 113,1019
972 + 312,1284
616 - 167,449
860 + 405,1265
106 + 776,882
359 - 139,220
768 - 332,436
841 - 208,633
992 + 386,1378
311 + 697,1008
729 - 539,190
586 + 836,1422
522 + 214,736
963 - 401,562
793 - 445,348
163 + 670,833
501 + 467,968
990 + 716,1706
500 - 222,278
856 + 641,1497
110 + 330,440
769 - 640,129
353 - 352,1
510 - 8,502
21 + 673,694
748 - 726,22
668 + 749,1417
806 - 399,407
337 - 89,248
700 - 213,487
47 + 943,990
598 - 590,8
802 + 169,971
797 - 111,686
924 - 913,11
481 + 673,1154
404 + 411,815
916 + 251,1167
355 - 297,58
621 - 285,336
949 + 163,1112
396 - 324,72
657 - 600,57
402 - 274,128
472 + 712,1184
269 + 963,1232
212 + 127,339
84 + 338,422
709 - 670,39
33 - 27,6
562 + 229,791
248 + 447,695
957 + 102,1059
14 + 166,180
91 + 811,902
656 + 770,1426
336 - 78,258
643 - 570,73
831 - 40,791
675 + 77,752
732 + 91,823
753 + 77,830
978 + 873,1851
954 - 248,706
137 + 173,310
484 + 646,1130
701 - 421,280
947 - 83,864
391 + 137,528
774 - 120,654
583 - 245,338
377 + 917,1294
972 - 770,202
771 - 561,210
519 - 74,445
3 + 217,220
516 + 190,706
414 + 109,523
660 + 92,752
503 - 302,201
673 + 846,1519
678 - 609,69
182 + 324,506
588 + 990,1578
592 - 331,261
932 - 526,406
376 - 164,212
622 + 517,1139
692 + 352,1044
845 + 994,1839
643 - 33,610
162 + 790,952
270 + 90,360
635 + 323,958
329 - 144,185
933 + 457,1390
387 + 67,454
335 - 281,54
368 - 128,240
496 + 409,905
637 - 564,73
639 + 713,1352
93 + 743,836
253 + 251,504
972 - 84,888
972 + 255,1227
781 - 260,521
312 - 51,261
374 - 103,271
314 + 646,960
925 - 769,156
373 + 608,981
983 + 294,1277
808 - 257,551
598 - 317,281
500 + 276,776
91 + 853,944
612 + 792,1404
90 + 925,1015
35 + 280,315
454 - 228,226
980 - 127,853
751 - 547,204
73 + 591,664
867 - 631,236
886 + 650,1536
903 - 825,78
234 - 149,85
242 + 825,1067
876 - 822,54
611 + 290,901
873 - 389,484
256 + 996,1252
162 + 803,965
655 + 124,779
349 + 732,1081
380 + 954,1334
67 - 41,26
172 + 114,286
996 + 528,1524
919 - 788,131
979 - 369,610
828 + 501,1329
998 + 988,1986
439 - 229,210
887 - 825,62
485 - 214,271
551 + 938,1489
855 - 685,170
469 + 905,1374
626 + 538,1164
674 - 612,62
333 + 681,1014
158 - 60,98
745 - 46,699
446 + 378,824
997 + 641,1638
135 + 967,1102
759 + 3,762
970 - 726,244
767 + 105,872
882 - 197,685
576 - 574,2
762 - 294,468
581 + 57,638
849 - 439,410
388 - 321,67
163 + 856,1019
895 - 378,517
54 + 401,455
310 - 85,225
207 - 162,45
760 + 555,1315
970 + 568,1538
596 + 199,795
884 + 281,1165
673 + 688,1361
172 + 662,834
414 - 201,213
606 + 445,1051
681 + 584,1265
736 - 450,286
942 - 729,213
62 + 331,393
489 + 831,1320
761 + 980,1741
613 + 579,1192
480 + 38,518
821 - 727,94
600 - 351,249
418 - 138,280
682 + 481,1163
174 + 91,265
141 + 113,254
521 + 9,530
804 + 338,1142
313 + 215,528
897 - 547,350
511 - 150,361
610 - 119,491
992 - 777,215
886 - 653,233
950 - 276,674
135 + 267,402
397 - 10,387
424 - 212,212
101 + 311,412
193 - 83,110
984 + 406,1390
479 - 243,236
616 + 826,1442
648 - 151,497
545 + 200,745
897 - 819,78
332 - 275,57
936 - 489,447
986 - 621,365
903 - 618,285
153 + 587,740
378 - 344,34
616 + 698,1314
355 + 808,1163
451 - 274,177
755 + 185,940
553 + 248,801
771 - 179,592
604 + 850,1454
504 + 427,931
706 - 236,470
607 - 460,147
219 - 194,25
898 + 698,1596
50 + 993,1043
810 + 796,1606
178 + 248,426
840 + 231,1071
609 - 410,199
691 - 520,171
840 - 500,340
886 + 903,1789
991 + 491,1482
766 - 1,765
242 - 21,221
918 - 598,320
707 - 14,693
396 - 232,164
253 + 887,1140
949 - 738,211
427 + 437,864
326 + 520,846
830 - 135,695
68 + 235,303
478 - 38,440
234 + 502,736
879 - 604,275
438 + 508,946
152 - 87,65
582 - 89,493
955 + 353,1308
388 - 94,294
808 + 241,1049
376 - 180,196
766 + 36,802
156 - 85,71
817 - 813,4
853 - 378,475
768 - 753,15
946 + 405,1351
530 - 208,322
396 + 211,607
41 + 23,64
969 + 343,1312
348 + 649,997
526 - 348,178
823 + 419,1242
532 + 283,815
792 - 624,168
4 + 94,98
691 - 49,642
121 + 685,806
469 + 103,572
194 + 726,920
184 + 407,591
474 + 335,809
69 + 330,399
684 - 42,642
959 + 995,1954
721 - 113,608
844 - 568,276
786 - 230,556
852 + 371,1223
634 - 282,352
50 - 6,44
774 - 352,422
398 - 64,334
823 + 160,983
304 + 387,691
113 + 162,275
888 + 883,1771
671 + 764,1435
986 + 826,1812
566 - 536,30
613 - 521,92
622 - 332,290
658 + 911,1569
849 - 387,462
930 + 149,1079
484 - 226,258
685 + 771,1456
179 - 149,30
581 - 215,366
658 - 334,324
670 - 135,535
928 + 885,1813
434 - 151,283
124 + 960,1084
636 - 200,436
541 - 515,26
679 - 634,45
449 + 784,1233
813 + 756,1569
180 - 166,14
626 - 620,6
968 - 864,104
824 - 650,174
627 - 206,421
654 + 724,1378
336 - 334,2
953 + 889,1842
773 + 310,1083
885 - 309,576
133 + 374,507
784 + 644,1428
735 + 18,753
941 - 371,570
593 + 48,641
737 - 8,729
686 - 657,29
604 - 412,192
655 + 198,853
452 - 201,251
644 - 489,155
41 + 662,703
333 + 351,684
218 + 91,309
134 + 939,1073
624 + 681,1305
802 + 74,876
26 + 89,115
230 + 155,385
116 + 108,224
375 - 307,68
759 - 107,652
860 - 597,263
964 - 435,529
834 + 437,1271
429 - 321,108
686 - 87,599
654 + 43,697
828 - 646,182
461 + 144,605
37 + 507,544
450 - 75,375
940 - 676,264
693 - 416,277
426 - 50,376
706 + 228,934
408 + 220,628
786 + 863,1649
262 + 910,1172
610 - 565,45
385 - 234,151
690 - 116,574
468 + 628,1096
536 - 231,305
66 + 609,675
896 - 850,46
405 - 222,183
258 + 944,1202
774 + 840,1614
281 + 891,1172
553 + 155,708
935 + 401,1336
784 - 104,680
190 + 80,270
639 - 88,551
877 - 285,592
199 - 14,185
305 + 31,336
22 + 294,316
890 - 574,316
584 + 378,962
932 - 480,452
784 + 861,1645
402 + 228,630
491 + 908,1399
639 + 202,841
116 + 407,523
714 + 662,1376
617 - 506,111
78 + 761,839
650 + 978,1628
654 - 111,543
375 + 344,719
230 + 607,837
867 - 238,629
898 - 648,250
829 - 739,90
706 + 949,1655
727 - 273,454
897 + 607,1504
887 - 76,811
555 - 73,482
875 - 861,14
557 - 331,226
882 + 152,1034
763 + 806,1569
981 + 368,1349
910 - 3,907
268 + 526,794
548 - 164,384
575 - 517,58
298 - 225,73
659 - 564,95
904 + 504,1408
159 + 403,562
943 + 736,1679
769 - 3,766
749 - 81,668
334 + 482,816
468 - 163,305
343 - 10,333
956 - 321,635
982 - 744,238
611 + 226,837
795 + 907,1702
416 - 272,144
361 + 1,362
173 - 55,118
690 + 990,1680
512 - 71,441
936 - 780,156
48 + 968,1016
748 - 515,233
628 - 216,412
913 - 38,875
993 - 384,609
653 + 718,1371
765 - 0,765
462 - 351,111
822 - 67,755
588 - 216,372
424 + 712,1136
321 - 25,296
849 + 283,1132
960 - 704,256
956 - 911,45
750 - 406,344
920 + 0,920
768 - 518,250
939 - 784,155
507 - 9,498
815 - 243,572
918 - 764,154
486 + 151,637
568 - 194,374
608 - 371,237
212 + 731,943
865 + 788,1653
748 - 523,225
578 + 91,669
118 + 830,948
863 - 64,799
514 - 119,395
744 - 235,509
879 - 829,50
626 - 372,254
401 - 394,7
810 - 36,774
953 - 747,206
270 + 19,289
479 - 202,277
543 + 799,1342
780 + 170,950
962 - 686,276
516 + 890,1406
731 + 545,1276
307 - 137,170
691 + 267,958
985 + 977,1962
283 + 336,619
440 - 225,215
331 + 679,1010
657 - 430,227
380 - 339,41
883 - 290,593
473 - 32,441
110 + 409,519
681 - 25,656
820 - 250,570
636 - 383,253
594 - 464,130
366 - 41,325
319 + 380,699
450 - 214,236
196 + 159,355
299 - 179,120
558 + 183,741
661 - 430,231
201 + 393,594
374 - 323,51
861 + 123,984
606 + 678,1284
753 - 136,617
787 - 679,108
851 + 953,1804
456 - 429,27
510 - 140,370
474 + 40,514
676 - 49,627
250 - 248,2
787 + 226,1013
167 + 772,939
857 - 848,9
574 - 110,464
343 + 924,1267
595 + 672,1267
568 + 335,903
989 - 197,792
991 + 522,1513
837 - 284,553
656 - 34,622
861 - 336,525
695 + 244,939
152 + 318,470
221 + 471,692
877 - 304,573
76 - 31,45
369 + 53,422
280 + 185,465
503 + 690,1193
659 - 615,44
866 - 455,411
494 - 355,139
503 + 715,1218
715 + 783,1498
40 + 510,550
793 - 124,669
978 - 235,743
883 - 490,393
790 + 546,1336
136 + 907,1043
654 + 696,1350
255 + 15,270
698 + 741,1439
130 + 69,199
750 + 531,1281
736 - 243,493
133 + 961,1094
499 + 558,1057
542 + 204,746
883 + 815,1698
677 + 74,751
821 + 448,1269
29 + 606,635
405 + 802,1207
160 + 987,1147
334 + 765,1099
975 - 734,241
346 + 258,604
602 + 858,1460
324 + 178,502
281 + 937,1218
427 - 48,379
188 - 2,186
902 - 799,103
285 - 220,65
227 + 623,850
756 - 449,307
540 - 464,76
665 + 917,1582
950 + 604,1554
400 - 27,373
281 + 483,764
85 - 43,42
695 + 341,1036
844 + 113,957
715 + 922,1637
695 - 544,151
242 + 699,941
963 - 318,645
902 + 647,1549
916 - 849,67
365 - 138,227
779 - 146,633
302 - 266,36
132 + 160,292
997 - 915,82
812 - 250,562
347 - 207,140
705 - 270,435
985 + 714,1699
444 + 118,562
999 - 965,34
671 - 391,280
935 - 573,362
360 + 519,879
706 - 413,293
627 - 161,466
324 + 318,642
817 + 62,879
685 - 578,107
323 + 281,604
65 + 607,672
717 - 144,573
522 + 606,1128
992 + 83,1075
369 + 783,1152
386 - 73,313
527 + 71,598
685 + 244,929
69 + 898,967
321 + 697,1018
611 + 368,979
536 - 124,412
909 - 850,59
926 - 634,292
907 - 381,526
959 + 689,1648
832 + 595,1427
628 + 630,1258
392 - 70,322
994 - 349,645
610 - 332,278
568 + 215,783
800 + 556,1356
307 + 85,392
753 - 132,621
629 - 618,11
749 + 247,996
777 - 618,159
149 - 3,146
757 + 213,970
431 - 185,246
979 + 825,1804
822 - 797,25
597 - 153,444
723 + 555,1278
116 - 66,50
743 - 296,447
306 + 26,332
919 - 891,28
6 + 735,741
398 + 471,869
580 - 40,540
279 - 60,219
373 - 198,175
517 + 232,749
799 - 514,285
730 + 255,985
925 + 806,1731
926 + 41,967
739 + 304,1043
575 - 416,159
975 - 148,827
604 - 493,111
293 - 169,124
771 - 311,460
474 + 802,1276
409 + 171,580
898 - 64,834
961 - 190,771
380 + 427,807
767 - 127,640
896 + 229,1125
358 + 224,582
924 - 346,578
82 + 70,152
982 + 147,1129
963 - 60,903
960 - 858,102
215 + 697,912
539 - 91,448
623 - 591,32
842 - 826,16
243 + 222,465
979 - 207,772
260 + 719,979
414 + 172,586
738 + 492,1230
978 - 550,428
701 - 225,476
973 - 820,153
955 - 414,541
248 - 108,140
457 - 38,419
241 + 67,308
428 - 175,253
187 + 164,351
707 - 427,280
300 - 1,299
731 + 341,1072
657 - 365,292
373 + 260,633
590 + 322,912
681 + 798,1479
731 - 341,390
406 + 370,776
941 - 119,822
219 - 85,134
806 - 411,395
409 + 355,764
800 + 151,951
564 - 547,17
642 - 427,215
219 - 118,101
386 + 471,857
993 - 501,492
491 + 87,578
465 - 325,140
872 + 472,1344
845 + 217,1062
720 + 224,944
454 + 986,1440
184 + 956,1140
920 + 519,1439
561 - 61,500
228 + 267,495
790 - 366,424
682 - 305,377
410 - 387,23
629 - 191,438
93 + 403,496
612 - 197,415
493 - 263,230
796 + 450,1246
984 - 150,834
113 + 363,476
431 - 386,45
163 + 246,409
343 + 519,862
308 - 294,14
992 - 80,912
926 - 218,708
574 + 827,1401
344 + 205,549
813 - 292,521
292 - 262,30
806 + 614,1420
858 - 661,197
573 + 709,1282
591 - 567,24
986 - 796,190
825 - 759,66
232 - 110,122
803 - 566,237
777 + 824,1601
396 + 134,530
722 + 906,1628
849 - 54,795
920 - 857,63
787 - 219,568
883 - 570,313
59 + 122,181
940 - 100,840
956 - 462,494
283 - 51,232
393 + 184,577
595 - 293,302
135 + 451,586
809 + 338,1147
697 - 372,325
694 + 483,1177
487 - 158,329
139 - 126,13
773 - 99,674
526 + 623,1149
667 + 234,901
850 - 482,368
997 + 683,1680
385 + 903,1288
363 + 778,1141
389 - 215,174
635 - 126,509
599 - 226,373
430 - 271,159
952 + 712,1664
956 + 210,1166
600 - 327,273
664 + 209,873
480 - 250,230
384 + 273,657
264 - 104,160
772 - 558,214
953 - 457,496
784 - 688,96
68 + 655,723
751 + 419,1170
525 + 634,1159
364 + 383,747
558 - 201,357
907 - 307,600
881 + 115,996
119 + 84,203
158 + 267,425
272 + 764,1036
686 + 944,1630
365 - 151,214
333 - 288,45
966 - 958,8
989 - 169,820
875 - 199,676
824 - 14,810
870 + 990,1860
342 + 634,976
494 - 46,448
942 + 241,1183
320 + 925,1245
611 + 422,1033
523 - 475,48
693 - 63,630
814 - 739,75
659 - 173,486
363 + 132,495
56 + 552,608
668 + 705,1373
454 - 153,301
538 - 381,157
917 - 506,411
505 - 419,86
51 + 425,476
885 - 133,752
24 + 871,895
532 - 43,489
507 - 234,273
601 - 395,206
548 - 339,209
379 + 346,725
174 + 838,1012
900 - 122,778
860 - 74,786
526 - 112,414
673 + 142,815
562 + 612,1174
997 - 490,507
786 - 129,657
162 + 710,872
769 + 125,894
948 - 660,288
436 + 844,1280
444 - 293,151
818 - 513,305
247 + 86,333
948 - 276,672
584 - 411,173
341 + 617,958
250 - 202,48
571 + 29,600
872 + 531,1403
205 + 637,842
735 - 150,585
552 - 358,194
728 - 15,713
436 + 41,477
912 + 891,1803
155 + 47,202
212 + 566,778
164 + 406,570
208 + 708,916
448 + 203,651
950 - 359,591
951 + 344,1295
681 - 306,375
346 - 296,50
858 + 264,1122
123 + 334,457
836 + 141,977
545 - 116,429
140 + 359,499
175 + 413,588
491 + 344,835
838 + 15,853
383 + 48,431
239 + 631,870
290 - 266,24
460 - 32,428
888 - 223,665
187 + 376,563
411 + 583,994
964 - 648,316
236 - 79,157
565 - 231,334
974 - 462,512
249 + 0,249
432 - 70,362
489 + 509,998
684 - 438,246
963 - 350,613
437 - 7,430
882 + 452,1334
414 - 136,278
476 - 260,216
937 + 515,1452
368 + 342,710
542 - 418,124
304 + 327,631
372 + 376,748
878 - 440,438
201 + 253,454
420 + 849,1269
915 + 663,1578
639 + 969,1608
706 + 446,1152
669 - 193,476
4 + 108,112
642 + 258,900
696 + 799,1495
619 + 585,1204
86 + 489,575
662 + 628,1290
947 + 409,1356
832 - 779,53
819 + 419,1238
94 + 180,274
692 + 548,1240
349 + 498,847
325 + 846,1171
477 - 126,351
510 - 129,381
434 - 284,150
713 - 671,42
955 - 136,819
118 + 475,593
939 - 351,588
796 + 998,1794
395 - 243,152
986 - 216,770
640 + 916,1556
958 - 292,666
985 - 745,240
334 + 591,925
850 + 804,1654
774 + 885,1659
50 + 695,745
813 + 44,857
242 + 0,242
989 + 672,1661
347 - 153,194
481 + 828,1309
788 + 38,826
309 - 162,147
659 - 658,1
327 - 40,287
184 - 128,56
849 - 534,315
347 + 32,379
576 + 754,1330
948 - 555,393
548 + 11,559
966 + 278,1244
473 - 416,57
416 - 156,260
847 - 371,476
286 + 812,1098
619 + 200,819
900 - 302,598
749 + 363,1112
341 + 332,673
925 - 426,499
988 - 532,456
507 - 59,448
960 - 142,818
847 - 628,219
244 - 132,112
643 - 625,18
673 + 257,930
763 - 5,758
472 + 68,540
983 - 830,153
463 - 170,293
342 - 173,169
398 - 118,280
855 - 836,19
899 + 510,1409
197 + 695,892
739 + 457,1196
673 + 685,1358
732 - 229,503
991 - 644,347
520 + 65,585
953 + 51,1004
603 - 289,314
461 + 109,570
553 + 202,755
403 - 334,69
340 + 881,1221
509 - 492,17
533 - 528,5
192 - 14,178
5 + 70,75
977 + 880,1857
601 - 106,495
510 + 736,1246
174 + 205,379
486 - 173,313
818 - 16,802
682 - 208,474
751 + 504,1255
646 - 172,474
669 + 888,1557
791 - 728,63
300 - 254,46
695 - 672,23
562 - 165,397
759 + 762,1521
136 - 7,129
202 + 949,1151
725 - 444,281
766 - 614,152
826 - 431,395
284 + 542,826
860 - 28,832
696 - 131,565
218 + 896,1114
915 - 863,52
812 - 570,242
760 - 460,300
819 - 183,636
864 - 242,622
611 + 5,616
199 + 874,1073
236 + 828,1064
658 + 29,687
145 + 502,647
379 - 71,308
552 - 448,104
902 + 505,1407
907 + 780,1687
325 - 42,283
790 - 252,538
902 + 606,1508
324 + 338,662
707 - 483,224
897 - 497,400
597 - 127,470
559 - 69,490
749 - 652,97
537 - 255,282
791 - 259,532
235 + 446,681
266 + 530,796
303 + 825,1128
726 - 206,520
975 + 913,1888
927 - 708,219
548 - 158,390
302 + 703,1005
974 - 108,866
178 + 678,856
85 + 573,658
108 + 979,1087
905 + 345,1250
172 - 38,134
713 + 884,1597
730 - 245,485
690 - 629,61
917 - 646,271
887 - 743,144
554 - 215,339
972 + 686,1658
562 - 116,446
308 + 661,969
975 - 503,472
551 + 197,748
679 + 555,1234
255 + 594,849
946 - 179,767
448 + 346,794
566 + 443,1009
705 - 45,660
889 - 202,687
72 + 25,97
892 - 527,365
904 + 43,947
317 + 370,687
937 - 191,746
884 - 430,454
812 + 230,1042
167 + 346,513
763 - 644,119
303 + 794,1097
972 + 953,1925
722 - 480,242
265 - 41,224
740 + 513,1253
83 + 923,1006
930 + 699,1629
625 - 6,619
905 - 267,638
665 - 12,653
243 + 969,1212
974 - 618,356
381 + 504,885
956 - 343,613
473 + 932,1405
902 - 408,494
330 + 95,425
564 - 304,260
749 + 754,1503
655 + 692,1347
859 - 833,26
601 - 598,3
947 + 107,1054
813 - 260,553
428 - 182,246
171 - 11,160
651 - 551,100
290 + 455,745
633 - 150,483
764 + 907,1671
567 - 123,444
392 + 14,406
159 + 9,168
667 - 595,72
874 + 948,1822
518 - 179,339
875 + 617,1492
994 + 646,1640
520 + 470,990
811 - 137,674
392 + 452,844
358 + 763,1121
117 + 414,531
286 + 824,1110
467 - 449,18
803 - 685,118
989 + 280,1269
356 + 50,406
747 - 462,285
684 - 40,644
337 + 767,1104
4 + 347,351
996 + 579,1575
603 - 24,579
526 + 736,1262
544 + 868,1412
985 - 601,384
580 - 490,90
824 + 731,1555
569 + 805,1374
942 - 256,686
644 + 246,890
710 + 406,1116
125 + 617,742
949 - 111,838
394 + 280,674
877 - 791,86
992 - 746,246
543 - 477,66
487 + 875,1362
542 + 853,1395
859 - 451,408
801 - 470,331
721 - 703,18
415 - 265,150
284 + 789,1073
553 + 960,1513
887 - 261,626
634 + 376,1010
804 + 929,1733
783 - 508,275
920 - 595,325
43 + 81,124
670 + 632,1302
566 + 12,578
927 - 330,597
290 + 347,637
515 - 209,306
906 - 517,389
840 + 542,1382
757 - 206,551
919 + 541,1460
941 - 777,164
774 - 193,581
255 + 428,683
388 - 79,309
532 + 665,1197
322 - 175,147
563 + 219,782
592 + 307,899
167 + 140,307
596 - 441,155
869 - 239,630
984 - 212,772
439 + 498,937
854 - 292,562
303 + 243,546
657 - 463,194
666 + 670,1336
707 - 62,645
138 - 56,82
48 + 897,945
135 + 802,937
818 - 132,686
937 - 434,503
417 + 211,628
856 + 264,1120
245 + 814,1059
439 - 268,171
534 - 363,171
661 + 396,1057
621 + 973,1594
221 - 65,156
943 - 846,97
243 + 820,1063
370 - 201,169
275 - 258,17
625 + 514,1139
958 - 139,819
993 + 627,1620
505 + 28,533
310 + 385,695
468 + 837,1305
337 - 201,136
799 + 452,1251
422 + 196,618
245 + 672,917
254 + 342,596
657 - 306,351
956 - 229,727
243 + 275,518
310 - 191,119
83 + 138,221
470 + 170,640
761 - 640,121
244 + 424,668
129 + 996,1125
836 - 708,128
631 + 353,984
898 + 341,1239
459 - 203,256
597 + 634,1231
685 - 478,207
100 - 72,28
555 - 377,178
658 - 97,561
186 - 165,21
803 - 281,522
93 + 348,441
229 + 887,1116
62 + 77,139
543 + 182,725
308 - 133,175
627 - 560,67
883 + 330,1213
907 + 77,984
876 - 110,766
995 - 336,659
561 - 508,53
451 + 568,1019
757 - 603,154
25 + 397,422
429 - 51,378
983 + 804,1787
921 - 131,790
643 + 280,923
29 + 628,657
649 + 854,1503
704 - 373,331
776 - 473,303
428 - 144,284
54 + 393,447
802 - 611,191
792 - 559,233
477 + 578,1055
933 - 534,399
485 + 397,882
443 + 565,1008
484 - 423,61
488 + 769,1257
932 + 55,987
538 - 222,316
897 + 674,1571
144 + 128,272
541 + 324,865
64 + 436,500
13 + 629,642
775 + 228,1003
209 - 21,188
739 + 252,991
67 + 680,747
648 + 682,1330
379 + 364,743
521 - 218,303
861 + 727,1588
536 + 271,807
756 + 191,947
532 + 305,837
948 + 746,1694
641 - 304,337
976 + 858,1834
945 - 363,582
823 + 33,856
929 + 376,1305
825 - 542,283
445 + 365,810
615 + 546,1161
967 - 90,877
776 - 604,172
359 + 511,870
480 - 269,211
848 - 325,523
794 - 527,267
782 - 326,456
37 + 74,111
541 - 103,438
363 - 281,82
551 - 423,128
758 - 556,202
419 + 490,909
213 - 45,168
874 - 783,91
147 + 223,370
166 - 118,48
464 - 443,21
785 - 403,382
109 - 107,2
480 + 878,1358
783 - 85,698
674 + 260,934
44 + 419,463
787 + 638,1425
681 + 31,712
35 + 695,730
251 - 243,8
805 - 13,792
836 + 72,908
910 - 275,635
897 - 101,796
953 - 20,933
903 - 614,289
964 - 112,852
949 - 283,666
730 + 373,1103
49 + 448,497
808 - 570,238
412 + 129,541
33 + 509,542
348 - 210,138
830 - 274,556
290 + 484,774
347 + 718,1065
479 - 119,360
746 + 386,1132
265 - 34,231
224 + 838,1062
161 + 505,666
100 + 768,868
891 + 34,925
615 - 291,324
964 + 799,1763
871 - 830,41
855 + 842,1697
93 + 626,719
569 + 421,990
619 - 116,503
290 + 628,918
410 - 336,74
880 - 684,196
295 + 656,951
725 - 117,608
991 - 764,227
932 + 967,1899
524 - 424,100
697 - 229,468
725 + 648,1373
893 + 591,1484
821 - 295,526
464 + 549,1013
769 - 107,662
982 - 475,507
537 - 487,50
919 - 239,680
904 + 323,1227
562 + 820,1382
622 - 349,273
956 - 424,532
542 - 40,502
522 + 590,1112
780 + 428,1208
189 + 747,936
703 - 397,306
431 + 455,886
187 - 74,113
460 + 673,1133
65 + 570,635
336 + 35,371
989 - 633,356
713 + 72,785
448 + 897,1345
864 - 256,608
847 + 164,1011
488 - 62,426
822 - 322,500
902 - 888,14
618 - 432,186
605 - 335,270
654 - 221,433
492 - 234,258
215 + 378,593
762 + 552,1314
387 + 61,448
475 + 638,1113
653 - 25,628
991 + 811,1802
939 - 454,485
511 + 106,617
834 - 654,180
290 - 27,263
834 + 985,1819
639 + 470,1109
829 - 240,589
275 - 64,211
750 - 155,595
626 + 774,1400
561 - 346,215
294 + 816,1110
968 + 989,1957
704 + 423,1127
842 - 741,101
831 + 819,1650
862 - 642,220
230 + 708,938
630 - 105,525
950 + 185,1135
183 + 83,266
993 + 969,1962
942 - 158,784
296 - 163,133
991 - 38,953
790 - 17,773
437 - 256,181
114 + 934,1048
648 - 61,587
774 - 470,304
546 + 80,626
26 + 255,281
787 + 694,1481
624 + 882,1506
730 - 282,448
750 + 651,1401
239 - 142,97
207 + 707,914
77 + 868,945
44 + 474,518
864 - 773,91
365 + 596,961
117 + 797,914
971 - 247,724
437 - 42,395
412 + 259,671
188 + 958,1146
443 + 694,1137
488 - 251,237
297 - 103,194
318 + 458,776
967 + 664,1631
206 + 68,274
827 + 627,1454
344 - 278,66
471 - 101,370
803 - 445,358
486 + 40,526
648 + 956,1604
750 - 170,580
836 - 488,348
889 - 162,727
562 - 300,262
551 - 275,276
639 - 534,105
407 - 383,24
686 - 197,489
511 + 935,1446
672 - 583,89
819 - 8,811
281 - 68,213
618 - 133,485
722 + 19,741
513 + 17,530
812 + 707,1519
885 + 647,1532
238 - 57,181
264 - 183,81
797 + 404,1201
862 - 280,582
800 + 712,1512
859 - 604,255
136 + 682,818
566 - 157,409
514 + 864,1378
628 - 551,77
979 - 976,3
909 + 232,1141
583 - 39,544
577 - 29,548
316 + 856,1172
118 + 638,756
316 + 761,1077
733 - 182,551
385 + 599,984
669 - 370,299
521 - 484,37
163 + 377,540
955 - 286,669
782 - 179,603
754 + 189,943
412 - 235,177
545 + 592,1137
424 - 83,341
773 - 362,411
227 + 897,1124
587 + 413,1000
3 + 219,222
177 + 112,289
124 + 757,881
280 - 35,245
155 + 177,332
426 - 406,20
342 + 856,1198
916 - 11,905
841 - 710,131
496 + 851,1347
793 + 840,1633
766 + 172,938
834 + 602,1436
619 - 321,298
771 - 299,472
635 - 140,495
337 + 292,629
229 + 361,590
325 + 642,967
825 - 48,777
803 - 532,271
794 - 139,655
746 - 471,275
224 + 327,551
240 + 282,522
237 + 191,428
670 - 171,499
754 - 588,166
556 - 299,257
605 - 7,598
908 + 515,1423
896 + 47,943
920 - 823,97
585 - 197,388
283 - 183,100
357 - 256,101
823 - 685,138
342 + 410,752
508 + 898,1406
330 + 264,594
694 - 255,439
821 - 327,494
800 - 404,396
336 - 33,303
639 - 29,610
419 + 656,1075
673 - 313,360
886 - 278,608
711 - 496,215
441 + 737,1178
652 + 848,1500
797 - 490,307
957 - 258,699
250 + 202,452
948 - 603,345
694 + 811,1505
438 + 401,839
606 + 436,1042
855 - 199,656
386 + 112,498
110 - 71,39
881 - 504,377
840 - 111,729
188 + 72,260
399 + 58,457
100 + 632,732
899 + 220,1119
706 + 334,1040
691 - 208,483
501 - 440,61
690 - 62,628
563 - 321,242
345 + 546,891
278 + 996,1274
426 + 303,729
950 + 147,1097
724 - 18,706
396 - 64,332
437 + 445,882
328 + 397,725
362 + 111,473
656 - 37,619
657 - 651,6
7 + 298,305
973 - 670,303
206 + 483,689
252 + 538,790
396 + 110,506
153 + 829,982
417 - 237,180
376 - 306,70
977 + 242,1219
115 + 718,833
368 - 102,266
187 + 736,923
655 - 230,425
441 - 99,342
723 + 778,1501
700 - 546,154
927 + 602,1529
319 - 17,302
518 + 327,845
673 - 441,232
912 - 737,175
839 - 364,475
594 - 141,453
940 + 476,1416
863 - 88,775
658 + 288,946
931 - 920,11
671 + 582,1253
552 - 228,324
936 - 189,747
784 + 812,1596
841 - 805,36
559 - 387,172
750 - 529,221
927 - 511,416
796 + 657,1453
804 + 702,1506
223 + 215,438
409 - 304,105
866 - 548,318
732 + 152,884
465 - 18,447
584 - 247,337
779 - 430,349
978 - 757,221
328 - 88,240
350 + 394,744
846 - 725,121
785 - 768,17
867 - 802,65
342 - 99,243
708 - 236,472
995 - 707,288
834 - 359,475
217 - 44,173
462 + 908,1370
673 - 606,67
290 - 255,35
616 - 23,593
744 - 522,222
679 - 638,41
949 + 457,1406
858 - 657,201
680 + 574,1254
576 + 884,1460
408 + 388,796
399 + 397,796
160 + 574,734
928 - 217,711
959 - 107,852
278 + 667,945
544 - 285,259
658 - 507,151
759 + 734,1493
590 - 322,268
289 - 245,44
817 - 10,807
970 - 795,175
543 + 661,1204
747 - 690,57
907 + 766,1673
665 - 298,367
574 + 493,1067
487 + 551,1038
940 + 101,1041
808 - 691,117
669 + 767,1436
501 + 305,806
303 + 354,657
14 + 82,96
353 + 293,646
286 - 79,207
438 - 43,395
268 + 223,491
207 + 200,407
759 - 328,431
978 + 827,1805
694 - 226,468
791 + 378,1169
736 + 877,1613
165 + 449,614
967 + 569,1536
560 - 421,139
143 - 118,25
949 - 395,554
897 - 323,574
462 + 544,1006
799 - 97,702
846 + 174,1020
916 - 456,460
907 + 764,1671
40 + 948,988
24 + 706,730
316 + 323,639
140 + 575,715
52 + 853,905
696 - 603,93
527 - 311,216
173 + 33,206
865 + 239,1104
764 + 100,864
789 - 176,613
494 - 406,88
227 + 257,484
717 - 452,265
993 + 174,1167
503 + 269,772
505 + 187,692
467 + 613,1080
891 - 729,162
329 - 197,132
921 - 441,480
571 + 403,974
711 - 247,464
783 - 681,102
740 - 717,23
145 + 973,1118
280 + 110,390
272 - 61,211
468 - 396,72
706 - 193,513
756 - 237,519
754 - 340,414
767 + 279,1046
868 - 555,313
894 - 672,222
943 + 811,1754
584 + 186,770
793 + 74,867
532 - 145,387
597 - 559,38
252 + 105,357
678 - 454,224
984 - 164,820
489 - 197,292
671 - 374,297
421 + 277,698
360 + 722,1082
29 + 863,892
233 + 447,680
795 + 704,1499
615 + 2,617
846 + 184,1030
791 + 844,1635
755 + 69,824
653 + 359,1012
295 - 252,43
269 - 30,239
319 - 279,40
767 - 341,426
560 + 222,782
424 + 100,524
947 - 187,760
438 - 290,148
612 + 358,970
576 + 248,824
321 + 680,1001
941 - 92,849
711 + 285,996
400 + 346,746
161 - 132,29
11 + 474,485
917 - 171,746
814 - 462,352
798 - 790,8
592 + 941,1533
529 - 116,413
821 - 211,610
226 + 177,403
979 + 372,1351
487 - 112,375
564 - 18,546
844 - 357,487
920 - 166,754
825 + 632,1457
255 - 191,64
655 + 894,1549
345 - 287,58
608 - 334,274
56 + 848,904
870 - 736,134
821 - 9,812
422 - 104,318
641 - 227,414
67 + 660,727
558 - 274,284
698 - 57,641
706 + 121,827
693 - 300,393
636 - 619,17
920 - 167,753
899 - 121,778
898 - 445,453
849 - 472,377
379 - 125,254
558 - 241,317
420 - 59,361
266 + 744,1010
175 - 21,154
159 + 209,368
790 - 459,331
744 - 258,486
377 + 572,949
428 + 853,1281
257 + 932,1189
915 - 485,430
775 + 482,1257
811 - 356,455
460 + 270,730
466 + 397,863
896 + 814,1710
558 + 502,1060
382 - 174,208
938 - 831,107
511 - 160,351
570 - 493,77
592 - 199,393
299 + 812,1111
973 - 965,8
127 + 468,595
983 + 904,1887
880 + 429,1309
468 - 81,387
421 + 201,622
638 + 417,1055
960 + 314,1274
603 + 359,962
778 + 610,1388
445 - 187,258
863 + 238,1101
33 + 214,247
686 - 388,298
107 + 846,953
658 + 32,690
117 + 133,250
684 - 643,41
880 + 208,1088
566 - 40,526
820 - 241,579
757 + 5,762
942 + 739,1681
971 - 307,664
591 - 132,459
594 + 866,1460
661 + 185,846
895 - 406,489
938 - 385,553
912 + 569,1481
844 + 274,1118
881 + 339,1220
76 + 359,435
13 + 881,894
815 - 675,140
296 - 151,145
793 - 125,668
671 + 524,1195
799 - 415,384
830 + 262,1092
672 + 351,1023
810 - 282,528
935 - 373,562
274 + 651,925
126 + 475,601
766 + 130,896
296 + 234,530
705 + 258,963
399 + 230,629
382 + 209,591
700 - 615,85
993 + 641,1634
487 - 192,295
491 + 190,681
466 + 530,996
654 + 227,881
480 - 98,382
706 + 225,931
346 + 60,406
915 + 254,1169
749 + 730,1479
925 - 731,194
471 - 21,450
307 + 415,722
142 + 114,256
818 - 9,809
248 + 545,793
982 + 938,1920
440 - 424,16
806 - 788,18
271 - 75,196
828 - 75,753
744 - 589,155
927 - 522,405
544 - 168,376
910 + 101,1011
822 - 792,30
337 + 492,829
830 + 755,1585
743 - 55,688
912 + 362,1274
903 + 641,1544
393 - 241,152
170 + 223,393
388 + 412,800
51 + 10,61
971 + 747,1718
899 - 394,505
552 + 335,887
597 - 322,275
215 - 158,57
450 - 265,185
693 - 576,117
923 - 735,188
917 - 92,825
529 - 318,211
319 + 366,685
347 - 218,129
726 + 151,877
856 - 436,420
222 + 974,1196
668 - 351,317
975 - 75,900
830 - 635,195
905 + 844,1749
844 - 805,39
688 - 51,637
136 + 919,1055
954 + 874,1828
826 + 779,1605
710 - 187,523
403 + 615,1018
246 + 940,1186
849 + 524,1373
636 - 130,506
852 - 352,500
836 + 653,1489
307 + 942,1249
277 + 295,572
754 - 625,129
339 - 211,128
462 + 47,509
503 - 339,164
575 + 866,1441
305 + 139,444
20 + 773,793
979 - 788,191
720 - 467,253
823 + 658,1481
705 - 125,580
454 - 242,212
956 - 953,3
916 + 180,1096
695 + 106,801
757 + 633,1390
842 - 332,510
681 + 190,871
679 + 77,756
967 - 646,321
783 + 694,1477
915 - 319,596
505 - 385,120
275 + 518,793
153 + 619,772
937 - 245,692
203 + 124,327
572 + 759,1331
929 + 881,1810
885 - 295,590
433 + 238,671
546 + 81,627
743 - 25,718
939 - 87,852
522 + 38,560
858 + 713,1571
778 - 583,195
681 + 791,1472
674 - 27,647
649 + 308,957
529 - 144,385
851 + 586,1437
659 + 851,1510
825 - 766,59
528 + 223,751
59 + 848,907
816 - 382,434
957 + 623,1580
761 + 715,1476
759 + 918,1677
83 + 762,845
717 - 102,615
810 - 162,648
563 + 185,748
270 + 375,645
982 - 817,165
839 - 165,674
723 + 506,1229
638 - 609,29
584 - 455,129
546 + 857,1403
795 - 310,485
242 + 50,292
605 - 173,432
985 + 382,1367
890 + 217,1107
667 + 731,1398
29 + 179,208
657 + 665,1322
795 + 355,1150
932 - 677,255
131 + 264,395
940 + 181,1121
979 - 428,551
67 + 470,537
42 + 720,762
617 - 14,603
624 - 540,84
184 + 89,273
699 + 844,1543
877 + 465,1342
353 + 220,573
948 - 214,734
109 + 725,834
274 - 135,139
672 - 511,161
215 - 66,149
724 + 395,1119
963 - 950,13
114 - 35,79
143 + 957,1100
845 - 788,57
407 + 470,877
937 + 344,1281
223 - 107,116
482 + 10,492
593 - 577,16
973 - 46,927
940 + 404,1344
667 + 145,812
990 - 221,769
778 + 607,1385
783 + 977,1760
989 - 793,196
732 - 2,730
849 - 751,98
121 + 835,956
434 + 368,802
239 - 21,218
344 + 565,909
629 - 148,481
232 + 158,390
607 - 44,563
806 - 12,794
639 + 711,1350
90 + 922,1012
538 - 307,231
729 - 397,332
896 - 830,66
747 + 912,1659
996 + 133,1129
971 + 4,975
284 + 935,1219
528 - 65,463
378 + 211,589
781 + 866,1647
281 - 272,9
611 - 214,397
725 + 539,1264
437 - 193,244
597 + 270,867
376 + 903,1279
285 + 157,442
522 - 38,484
169 + 221,390
991 + 947,1938
521 + 134,655
532 + 606,1138
658 - 173,485
572 - 242,330
758 - 603,155
403 - 235,168
423 + 943,1366
720 + 161,881
738 - 169,569
622 - 567,55
574 + 392,966
265 + 797,1062
488 + 87,575
756 - 340,416
586 - 544,42
681 + 650,1331
937 + 833,1770
788 + 448,1236
538 + 200,738
656 + 953,1609
887 - 812,75
979 + 289,1268
697 - 221,476
536 + 442,978
204 + 925,1129
559 + 537,1096
578 + 899,1477
335 + 789,1124
964 + 445,1409
653 + 870,1523
379 + 740,1119
264 + 878,1142
451 + 929,1380
710 - 425,285
270 + 329,599
229 - 6,223
620 - 0,620
836 + 696,1532
625 - 506,119
667 - 635,32
888 + 654,1542
354 + 64,418
979 + 653,1632
663 - 10,653
326 + 589,915
982 - 175,807
649 - 568,81
96 + 600,696
689 - 359,330
958 - 423,535
907 - 657,250
594 - 175,419
964 + 239,1203
579 - 263,316
713 + 677,1390
578 - 45,533
300 - 149,151
294 + 141,435
946 + 900,1846
766 - 333,433
295 + 888,1183
237 + 373,610
562 - 135,427
340 + 981,1321
844 - 345,499
329 - 90,239
209 + 797,1006
699 + 696,1395
183 - 152,31
732 + 945,1677
678 + 655,1333
996 - 352,644
925 - 774,151
778 - 28,750
199 + 905,1104
324 + 171,495
346 - 180,166
986 - 582,404
603 + 468,1071
30 + 800,830
535 + 514,1049
931 - 700,231
671 + 484,1155
432 - 140,292
849 - 367,482
697 - 363,334
448 - 267,181
590 + 634,1224
942 - 728,214
83 + 341,424
144 - 65,79
755 - 546,209
760 - 87,673
989 - 585,404
709 - 283,426
893 - 56,837
827 - 155,672
199 + 900,1099
724 + 368,1092
994 + 243,1237
731 - 315,416
83 - 15,68
879 + 14,893
754 - 244,510
487 - 61,426
334 + 371,705
456 + 167,623
639 + 788,1427
432 - 431,1
608 + 27,635
456 - 111,345
446 + 342,788
983 + 696,1679
743 + 537,1280
825 + 235,1060
901 - 142,759
745 - 675,70
706 + 728,1434
684 - 271,413
446 - 58,388
980 - 501,479
765 + 659,1424
380 + 696,1076
960 - 759,201
659 + 163,822
837 + 714,1551
323 + 298,621
624 + 155,779
661 - 208,453
860 - 728,132
420 + 516,936
747 - 69,678
301 + 640,941
562 - 529,33
997 - 694,303
654 + 890,1544
315 - 164,151
965 - 246,719
932 - 85,847
818 + 706,1524
948 - 19,929
623 + 431,1054
881 - 722,159
848 - 280,568
287 + 419,706
734 + 585,1319
74 + 966,1040
744 - 737,7
727 + 511,1238
991 + 327,1318
399 + 334,733
392 - 210,182
951 - 192,759
811 - 177,634
440 - 296,144
674 - 342,332
405 + 665,1070
306 - 238,68
298 - 90,208
824 + 254,1078
762 + 968,1730
629 + 36,665
941 + 855,1796
579 - 179,400
853 - 835,18
931 + 563,1494
969 - 689,280
792 - 720,72
970 - 489,481
378 + 101,479
698 + 535,1233
992 + 325,1317
471 - 215,256
220 + 522,742
321 + 569,890
939 - 671,268
546 - 79,467
361 - 12,349
624 - 192,432
30 + 78,108
568 + 418,986
545 - 273,272
424 + 672,1096
43 + 746,789
570 + 496,1066
597 - 325,272
590 + 178,768
500 + 189,689
681 + 567,1248
398 - 245,153
968 - 233,735
521 - 464,57
364 + 421,785
688 + 713,1401
9 + 871,880
956 + 423,1379
330 - 4,326
182 + 335,517
318 + 151,469
868 - 144,724
329 - 132,197
463 + 564,1027
823 - 643,180
417 - 301,116
980 - 296,684
746 - 52,694
649 + 666,1315
259 + 136,395
659 - 342,317
846 - 287,559
241 + 604,845
582 - 215,367
612 + 997,1609
915 - 490,425
775 + 788,1563
799 + 666,1465
864 - 92,772
699 + 940,1639
974 - 686,288
697 - 663,34
688 - 267,421
820 - 647,173
799 - 93,706
511 - 433,78
819 + 735,1554
404 + 485,889
684 + 993,1677
256 + 575,831
98 + 65,163
640 - 583,57
545 - 393,152
994 - 19,975
660 - 628,32
153 + 21,174
748 - 686,62
945 - 259,686
488 - 419,69
192 + 525,717
453 - 352,101
33 + 983,1016
641 - 616,25
296 - 62,234
878 - 821,57
331 + 202,533
320 - 124,196
949 - 34,915
543 - 145,398
871 - 280,591
37 + 897,934
870 + 551,1421
814 + 375,1189
583 + 660,1243
524 - 341,183
955 - 604,351
641 - 490,151
899 + 794,1693
784 + 638,1422
186 + 602,788
934 - 414,520
777 - 533,244
134 - 24,110
962 + 960,1922
594 + 340,934
553 + 354,907
819 - 679,140
773 + 953,1726
688 + 707,1395
925 + 648,1573
465 - 285,180
606 + 199,805
720 - 713,7
436 - 364,72
81 + 746,827
808 - 369,439
777 - 123,654
506 - 96,410
686 - 455,231
674 + 248,922
888 - 141,747
657 + 501,1158
678 + 406,1084
380 - 54,326
679 - 619,60
751 - 227,524
768 + 353,1121
769 - 603,166
771 - 541,230
177 + 888,1065
894 + 956,1850
426 - 280,146
462 + 166,628
759 - 444,315
256 + 631,887
564 - 531,33
515 - 454,61
153 + 371,524
273 + 442,715
550 + 530,1080
484 + 151,635
480 - 139,341
518 + 119,637
951 - 123,828
777 - 300,477
762 - 22,740
605 - 429,176
580 - 187,393
725 + 10,735
413 - 406,7
16 + 438,454
867 - 394,473
861 - 382,479
481 - 253,228
822 - 337,485
216 + 340,556
700 - 657,43
859 - 312,547
388 + 72,460
947 - 290,657
626 - 86,540
771 + 861,1632
811 + 985,1796
197 - 63,134
858 - 136,722
753 + 204,957
480 + 196,676
436 + 928,1364
689 - 677,12
876 - 149,727
930 - 682,248
180 + 223,403
776 + 514,1290
298 + 609,907
927 + 462,1389
631 + 978,1609
452 + 997,1449
857 + 25,882
331 - 216,115
691 - 355,336
893 - 816,77
283 + 282,565
107 + 297,404
891 - 118,773
605 - 340,265
962 - 849,113
815 + 651,1466
822 - 766,56
526 - 423,103
357 + 211,568
856 - 41,815
653 + 995,1648
834 - 586,248
886 - 101,785
736 + 492,1228
926 + 825,1751
855 + 863,1718
661 - 202,459
423 + 141,564
746 + 806,1552
782 - 327,455
848 + 50,898
394 + 810,1204
554 + 924,1478
944 + 333,1277
223 + 675,898
170 - 21,149
597 - 125,472
923 - 436,487
78 + 965,1043
998 - 54,944
992 - 81,911
979 - 212,767
713 - 293,420
908 + 69,977
420 + 272,692
364 + 857,1221
414 + 613,1027
970 + 973,1943
973 - 919,54
628 - 543,85
118 + 712,830
800 - 555,245
890 - 619,271
924 + 318,1242
513 - 43,470
858 - 216,642
434 - 254,180
479 + 351,830
169 + 148,317
262 + 223,485
911 - 484,427
841 + 687,1528
552 - 152,400
696 + 625,1321
342 + 687,1029
342 + 279,621
795 - 440,355
787 - 597,190
651 - 373,278
19 + 112,131
341 + 615,956
358 - 209,149
178 - 10,168
872 - 608,264
590 + 68,658
936 + 568,1504
504 + 330,834
556 + 343,899
436 + 813,1249
908 - 134,774
166 + 537,703
946 + 361,1307
977 - 29,948
756 + 954,1710
864 - 441,423
697 + 903,1600
654 + 699,1353
318 + 345,663
425 + 394,819
205 - 1,204
101 - 29,72
131 + 874,1005
799 - 140,659
844 - 733,111
775 - 447,328
735 - 420,315
332 - 56,276
395 + 925,1320
548 + 735,1283
829 - 459,370
11 + 774,785
956 - 873,83
447 - 171,276
186 + 866,1052
351 + 505,856
798 - 545,253
169 + 518,687
523 + 561,1084
450 - 241,209
73 + 450,523
688 + 656,1344
334 + 629,963
816 + 631,1447
762 + 437,1199
890 - 701,189
619 + 730,1349
609 + 506,1115
251 + 7,258
721 + 396,1117
616 - 36,580
234 + 428,662
930 - 277,653
923 + 678,1601
729 + 586,1315
869 + 15,884
203 + 852,1055
823 + 383,1206
978 - 718,260
412 + 262,674
290 + 132,422
417 - 353,64
489 - 283,206
759 - 656,103
981 - 26,955
512 + 736,1248
311 - 254,57
939 + 585,1524
837 - 186,651
516 + 844,1360
480 - 178,302
379 + 368,747
901 + 213,1114
576 - 382,194
629 - 54,575
677 + 516,1193
812 - 278,534
641 - 426,215
948 + 100,1048
698 - 159,539
380 - 372,8
445 + 965,1410
546 + 663,1209
942 + 649,1591
792 - 576,216
105 - 89,16
291 + 723,1014
767 - 32,735
708 + 86,794
187 + 842,1029
81 + 495,576
681 + 42,723
898 + 787,1685
723 - 640,83
400 - 364,36
870 + 28,898
765 - 353,412
713 + 833,1546
538 - 23,515
758 - 377,381
905 - 775,130
708 + 117,825
989 - 761,228
916 + 717,1633
188 + 300,488
396 + 641,1037
58 + 162,220
764 + 556,1320
577 - 522,55
956 + 727,1683
323 + 906,1229
771 - 608,163
528 - 488,40
435 - 432,3
711 + 275,986
993 + 721,1714
453 + 422,875
141 - 73,68
688 - 17,671
809 - 479,330
16 + 441,457
782 + 896,1678
762 - 27,735
596 + 145,741
866 - 718,148
346 - 77,269
237 + 440,677
746 - 342,404
714 + 300,1014
894 - 357,537
919 - 880,39
612 + 843,1455
10 + 258,268
431 - 153,278
898 - 606,292
546 - 265,281
511 - 177,334
706 + 291,997
304 + 191,495
915 - 63,852
333 + 553,886
422 + 412,834
491 + 428,919
445 - 409,36
662 + 457,1119
259 + 173,432
500 + 333,833
761 - 420,341
547 + 40,587
667 - 640,27
982 - 259,723
516 - 302,214
842 - 217,625
933 - 810,123
745 - 386,359
773 + 372,1145
737 - 545,192
285 - 156,129
14 + 67,81
560 - 335,225
141 + 8,149
636 + 922,1558
874 + 537,1411
576 - 510,66
525 - 33,492
691 + 741,1432
179 + 190,369
932 + 104,1036
643 - 242,401
75 + 505,580
714 - 487,227
401 + 140,541
678 + 91,769
646 + 141,787
210 + 769,979
421 - 81,340
540 - 183,357
131 + 166,297
867 + 919,1786
856 - 476,380
42 + 546,588
464 + 565,1029
862 + 953,1815
728 + 131,859
459 + 330,789
425 - 173,252
782 - 567,215
447 - 277,170
82 + 265,347
107 + 22,129
725 - 459,266
71 + 992,1063
527 + 18,545
806 - 594,212
833 - 559,274
578 - 131,447
131 + 141,272
313 - 47,266
814 + 635,1449
535 - 423,112
18 + 182,200
764 + 397,1161
564 - 87,477
860 - 111,749
533 + 370,903
859 + 7,866
96 + 363,459
871 - 583,288
487 - 154,333
253 - 102,151
108 + 169,277
818 + 440,1258
856 + 683,1539
700 + 131,831
751 - 732,19
439 + 387,826
866 + 849,1715
938 - 26,912
371 - 219,152
655 + 84,739
757 - 517,240
682 - 86,596
270 + 736,1006
458 - 184,274
13 + 944,957
815 - 537,278
536 - 467,69
643 + 155,798
885 - 331,554
580 + 213,793
829 - 518,311
392 - 148,244
819 - 241,578
994 - 225,769
985 + 158,1143
985 - 880,105
848 - 579,269
394 - 282,112
143 + 59,202
356 - 76,280
557 + 846,1403
396 - 153,243
957 - 254,703
465 + 393,858
238 + 207,445
538 + 292,830
462 - 294,168
951 - 697,254
204 + 160,364
507 + 434,941
984 - 864,120
609 + 387,996
337 - 34,303
899 + 378,1277
728 + 597,1325
871 + 514,1385
100 - 50,50
260 + 587,847
839 + 963,1802
442 - 258,184
611 - 58,553
547 - 31,516
794 + 30,824
716 + 753,1469
577 + 663,1240
761 - 320,441
743 + 502,1245
413 + 778,1191
755 - 144,611
602 + 355,957
948 - 545,403
900 - 150,750
938 + 122,1060
619 + 914,1533
460 + 400,860
170 + 672,842
721 - 236,485
484 - 88,396
302 + 644,946
480 + 515,995
163 + 301,464
647 - 262,385
958 - 43,915
401 - 104,297
865 + 196,1061
24 + 278,302
413 - 118,295
662 - 39,623
204 - 45,159
146 + 357,503
764 + 234,998
76 + 511,587
49 + 71,120
332 + 765,1097
483 + 196,679
374 + 221,595
472 - 391,81
222 - 161,61
716 + 43,759
686 - 510,176
559 + 467,1026
711 - 537,174
214 + 231,445
548 + 300,848
555 - 379,176
958 - 764,194
909 - 728,181
994 - 52,942
893 - 633,260
464 + 359,823
719 + 879,1598
905 - 603,302
395 - 37,358
970 - 264,706
609 + 926,1535
861 - 464,397
645 - 328,317
602 - 565,37
720 - 598,122
822 + 62,884
649 + 424,1073
664 - 299,365
459 + 643,1102
661 + 163,824
380 - 77,303
752 + 527,1279
322 + 844,1166
827 - 100,727
398 - 232,166
182 - 138,44
866 + 83,949
108 + 148,256
409 - 301,108
573 - 369,204
686 - 652,34
228 - 128,100
663 + 662,1325
209 - 7,202
253 - 168,85
986 - 597,389
596 + 258,854
219 + 605,824
700 - 162,538
83 + 357,440
942 + 935,1877
398 + 403,801
496 - 112,384
734 + 107,841
725 - 266,459
48 + 726,774
930 - 648,282
803 + 698,1501
51 + 575,626
779 + 521,1300
836 - 634,202
917 - 860,57
583 - 93,490
824 - 76,748
165 - 41,124
919 - 197,722
894 - 463,431
566 - 389,177
155 - 53,102
931 - 31,900
795 - 721,74
99 - 14,85
537 - 411,126
203 + 125,328
911 - 888,23
782 - 737,45
123 + 697,820
805 - 426,379
776 - 412,364
673 + 513,1186
19 + 911,930
706 + 91,797
505 - 206,299
964 + 384,1348
852 - 326,526
909 - 283,626
823 - 762,61
948 + 730,1678
934 + 626,1560
235 + 871,1106
503 + 415,918
126 + 874,1000
520 - 366,154
911 + 518,1429
571 + 943,1514
712 - 350,362
498 - 213,285
209 + 79,288
746 + 745,1491
210 + 522,732
928 + 655,1583
449 + 188,637
753 + 432,1185
563 + 762,1325
489 - 279,210
794 + 414,1208
715 + 895,1610
908 - 462,446
538 - 76,462
111 + 27,138
726 - 423,303
856 - 321,535
515 - 204,311
711 - 75,636
83 + 757,840
326 - 299,27
155 + 346,501
895 + 949,1844
752 + 805,1557
488 - 394,94
570 - 273,297
948 + 321,1269
744 - 41,703
637 + 256,893
130 + 449,579
22 + 998,1020
574 + 660,1234
848 + 534,1382
942 - 183,759
789 - 636,153
607 + 897,1504
77 + 279,356
988 + 219,1207
443 - 382,61
328 - 73,255
601 - 144,457
464 - 314,150
180 + 629,809
144 + 194,338
751 + 478,1229
248 + 987,1235
362 - 318,44
779 + 760,1539
639 - 83,556
396 + 883,1279
850 - 286,564
777 + 549,1326
487 + 392,879
892 - 774,118
784 - 351,433
108 + 871,979
949 - 715,234
606 - 514,92
186 + 644,830
909 + 956,1865
219 - 213,6
60 + 19,79
699 - 437,262
861 + 130,991
690 - 361,329
83 - 42,41
868 - 754,114
146 + 645,791
817 + 585,1402
929 - 420,509
342 + 849,1191
978 - 734,244
774 - 505,269
746 + 780,1526
617 + 882,1499
881 + 902,1783
694 + 593,1287
938 + 772,1710
958 - 394,564
899 - 860,39
227 + 59,286
948 - 565,383
653 - 254,399
976 - 898,78
705 + 152,857
551 - 281,270
424 + 141,565
964 - 729,235
480 + 720,1200
671 + 12,683
291 + 175,466
480 - 124,356
171 + 47,218
244 + 560,804
716 + 400,1116
829 - 352,477
74 + 953,1027
762 + 291,1053
241 - 179,62
53 + 664,717
536 - 123,413
906 + 20,926
696 + 42,738
410 - 23,387
86 + 537,623
749 - 468,281
835 - 601,234
174 - 66,108
926 - 464,462
870 - 512,358
959 - 642,317
698 + 448,1146
766 + 473,1239
534 - 292,242
352 - 129,223
520 + 487,1007
53 + 87,140
646 - 161,485
60 + 820,880
645 + 741,1386
600 + 511,1111
256 + 698,954
947 - 253,694
425 + 319,744
763 - 586,177
971 + 150,1121
706 - 699,7
772 - 494,278
542 + 251,793
974 - 167,807
709 + 410,1119
39 + 382,421
923 - 363,560
745 - 711,34
549 + 121,670
684 - 197,487
712 + 23,735
923 - 604,319
574 - 287,287
461 + 42,503
732 + 282,1014
643 + 455,1098
367 + 631,998
318 + 533,851
153 + 175,328
988 - 568,420
430 - 54,376
67 - 10,57
137 + 731,868
846 - 429,417
546 + 351,897
599 + 716,1315
860 - 63,797
940 - 908,32
315 + 47,362
263 + 285,548
992 - 190,802
899 - 446,453
430 - 181,249
671 - 648,23
876 + 374,1250
369 - 330,39
627 - 335,292
232 + 45,277
815 - 107,708
208 - 124,84
658 - 444,214
604 + 946,1550
986 - 961,25
548 - 326,222
641 + 962,1603
781 - 87,694
890 + 778,1668
3 + 238,241
764 - 645,119
36 + 319,355
2 + 171,173
776 - 104,672
399 - 243,156
991 + 870,1861
445 + 414,859
783 + 626,1409
470 + 387,857
286 + 732,1018
139 - 128,11
654 - 575,79
450 + 210,660
741 + 825,1566
223 + 323,546
351 + 719,1070
545 - 118,427
989 + 309,1298
757 - 422,335
884 - 88,796
460 - 332,128
854 - 16,838
572 - 390,182
292 - 289,3
674 + 290,964
602 - 397,205
790 - 567,223
914 + 698,1612
768 + 365,1133
936 - 870,66
531 + 409,940
696 + 397,1093
714 + 939,1653
595 - 587,8
414 + 107,521
717 - 659,58
967 + 334,1301
568 - 526,42
474 + 138,612
642 - 125,517
983 - 198,785
739 - 380,359
909 + 423,1332
834 - 674,160
772 - 662,110
102 - 35,67
237 - 25,212
911 - 392,519
375 - 24,351
181 + 931,1112
455 + 621,1076
494 - 410,84
586 - 119,467
853 - 286,567
406 - 350,56
986 + 362,1348
485 - 411,74
430 + 104,534
800 + 362,1162
925 - 94,831
821 + 763,1584
771 - 462,309
895 + 814,1709
829 - 32,797
703 + 54,757
807 - 435,372
258 + 392,650
606 - 517,89
937 - 767,170
945 - 877,68
383 + 13,396
288 + 508,796
29 + 3,32
870 + 125,995
936 + 754,1690
151 + 682,833
454 + 424,878
719 - 704,15
737 - 125,612
883 - 496,387
938 + 706,1644
559 + 780,1339
326 + 612,938
750 + 653,1403
944 + 245,1189
727 + 204,931
798 + 634,1432
322 - 291,31
839 + 214,1053
872 - 307,565
158 + 541,699
261 + 609,870
535 - 106,429
740 - 241,499
757 + 482,1239
913 + 938,1851
235 - 168,67
757 - 449,308
13 + 936,949
337 - 276,61
824 - 441,383
235 - 154,81
388 - 2,386
708 - 68,640
971 - 295,676
600 + 906,1506
708 - 264,444
562 - 164,398
903 + 864,1767
776 - 621,155
102 + 739,841
284 + 868,1152
251 + 946,1197
672 + 480,1152
866 + 429,1295
650 - 145,505
489 - 399,90
303 - 115,188
959 + 779,1738
608 - 573,35
241 + 721,962
315 + 346,661
442 - 55,387
853 - 352,501
559 - 426,133
447 - 86,361
715 + 309,1024
544 - 528,16
880 - 162,718
964 + 808,1772
525 - 368,157
154 + 151,305
183 - 1,182
851 - 438,413
58 + 950,1008
227 + 668,895
510 + 352,862
257 + 880,1137
646 + 67,713
325 - 100,225
698 - 559,139
209 - 127,82
544 - 392,152
908 - 654,254
715 - 309,406
507 - 218,289
235 - 96,139
708 - 315,393
129 + 948,1077
325 - 115,210
499 - 123,376
945 - 644,301
962 + 769,1731
719 - 596,123
996 - 873,123
343 + 895,1238
342 - 88,254
213 - 172,41
955 + 478,1433
820 - 754,66
540 + 208,748
931 - 248,683
460 + 269,729
507 - 320,187
832 - 772,60
792 - 93,699
908 - 689,219
794 - 515,279
38 + 450,488
958 - 704,254
931 - 504,427
757 - 188,569
778 - 331,447
760 + 914,1674
255 + 231,486
310 - 144,166
719 + 688,1407
357 + 169,526
921 - 387,534
253 - 147,106
512 + 300,812
778 - 189,589
260 - 152,108
654 - 465,189
813 - 435,378
785 - 373,412
239 - 201,38
918 + 63,981
609 + 503,1112
272 - 83,189
822 - 36,786
52 + 342,394
582 + 512,1094
866 + 965,1831
846 + 953,1799
646 - 461,185
398 + 723,1121
245 + 380,625
460 + 702,1162
390 + 267,657
938 - 68,870
112 + 171,283
215 - 147,68
832 - 437,395
489 - 335,154
286 - 43,243
150 - 143,7
723 - 184,539
355 + 15,370
854 + 943,1797
808 - 528,280
413 - 30,383
869 - 636,233
579 - 379,200
269 + 455,724
716 + 395,1111
989 + 354,1343
615 - 317,298
952 - 76,876
632 - 501,131
146 + 179,325
566 + 134,700
598 + 74,672
283 + 792,1075
758 + 339,1097
616 + 986,1602
760 + 70,830
778 - 447,331
8 + 861,869
258 + 852,1110
152 + 380,532
796 - 537,259
587 - 251,336
698 + 213,911
962 + 605,1567
924 - 204,720
904 - 813,91
493 - 281,212
214 + 478,692
534 + 206,740
139 + 359,498
657 - 418,239
233 + 606,839
497 - 427,70
667 - 229,438
669 - 601,68
742 + 954,1696
19 + 165,184
843 + 392,1235
165 - 65,100
539 - 125,414
782 - 165,617
378 - 223,155
419 - 94,325
847 - 337,510
808 + 320,1128
307 + 931,1238
191 + 200,391
929 - 532,397
797 - 192,605
291 + 680,971
837 - 7,830
933 - 384,549
373 + 691,1064
71 - 54,17
895 + 587,1482
870 + 787,1657
695 + 115,810
209 + 784,993
466 + 276,742
373 - 252,121
239 - 196,43
673 - 135,538
734 - 158,576
59 + 326,385
996 - 818,178
968 + 526,1494
365 + 690,1055
646 - 309,337
28 + 815,843
919 + 502,1421
340 - 111,229
830 - 451,379
819 - 651,168
345 - 250,95
631 + 759,1390
546 + 694,1240
966 + 56,1022
326 - 103,223
953 - 950,3
748 + 906,1654
734 - 214,520
639 + 333,972
215 - 28,187
615 + 118,733
389 - 258,131
909 - 892,17
679 + 682,1361
479 + 284,763
288 - 272,16
729 - 130,599
687 - 206,481
832 - 79,753
754 + 506,1260
851 - 497,354
520 - 130,390
858 - 35,823
222 + 868,1090
211 + 290,501
967 - 128,839
974 - 469,505
809 + 336,1145
822 - 249,573
180 - 36,144
477 + 173,650
519 + 888,1407
896 - 182,714
351 + 124,475
957 + 999,1956
341 - 36,305
917 + 500,1417
347 + 888,1235
837 + 399,1236
780 + 789,1569
669 + 690,1359
987 + 867,1854
103 + 818,921
331 - 302,29
543 + 332,875
705 + 78,783
596 - 493,103
513 + 453,966
275 - 191,84
354 - 344,10
554 + 139,693
801 - 55,746
644 + 255,899
903 + 741,1644
978 - 81,897
75 + 316,391
190 + 371,561
428 + 708,1136
931 - 76,855
949 + 993,1942
515 - 9,506
726 - 524,202
984 + 61,1045
626 - 87,539
685 + 925,1610
295 + 652,947
635 - 507,128
103 + 470,573
656 - 574,82
360 - 232,128
396 + 996,1392
183 + 106,289
956 + 914,1870
371 + 962,1333
647 + 837,1484
881 - 645,236
53 + 544,597
812 - 8,804
867 - 75,792
413 + 911,1324
493 + 536,1029
980 - 579,401
409 + 162,571
967 - 214,753
713 - 543,170
678 - 132,546
917 - 169,748
668 - 582,86
833 + 850,1683
908 + 416,1324
487 + 450,937
620 - 490,130
180 - 122,58
864 + 569,1433
676 - 514,162
178 + 477,655
557 + 144,701
171 + 13,184
246 + 528,774
928 + 192,1120
680 - 221,459
393 + 354,747
917 - 611,306
896 - 668,228
384 - 151,233
237 + 355,592
850 - 255,595
581 + 784,1365
314 + 774,1088
816 + 544,1360
459 + 36,495
638 + 371,1009
237 + 121,358
463 + 455,918
443 + 208,651
130 - 1,129
476 - 198,278
991 - 189,802
209 - 31,178
211 + 362,573
182 + 384,566
971 - 901,70
735 + 543,1278
931 - 117,814
763 - 325,438
928 + 191,1119
792 + 408,1200
805 - 102,703
386 - 379,7
80 + 438,518
811 + 168,979
624 - 354,270
888 - 67,821
934 + 772,1706
422 - 13,409
869 - 0,869
845 - 397,448
844 - 71,773
100 + 880,980
679 + 471,1150
551 - 74,477
555 + 913,1468
256 + 167,423
997 - 777,220
713 - 332,381
952 - 920,32
949 + 63,1012
492 - 313,179
397 + 471,868
150 + 567,717
774 - 294,480
456 + 536,992
395 - 117,278
693 - 51,642
308 + 383,691
263 + 849,1112
388 + 932,1320
802 - 423,379
311 + 359,670
613 - 4,609
879 + 541,1420
997 - 799,198
325 + 859,1184
552 - 470,82
84 + 17,101
401 - 176,225
493 + 788,1281
971 - 582,389
464 + 29,493
999 + 914,1913
867 - 365,502
396 - 144,252
658 - 628,30
234 + 549,783
907 - 279,628
412 - 137,275
755 + 238,993
883 - 689,194
597 - 155,442
689 + 366,1055
362 - 250,112
482 + 167,649
767 + 156,923
980 + 631,1611
823 - 116,707
887 - 549,338
237 + 538,775
376 + 18,394
997 - 692,305
987 + 797,1784
650 - 209,441
842 + 549,1391
655 - 241,414
380 - 110,270
460 - 34,426
72 + 946,1018
84 + 983,1067
832 + 949,1781
843 - 519,324
606 + 789,1395
981 - 892,89
199 + 511,710
175 + 349,524
554 - 107,447
974 - 530,444
189 - 44,145
520 + 32,552
595 + 336,931
946 + 185,1131
682 - 487,195
68 + 246,314
549 - 120,429
37 + 451,488
168 + 374,542
606 - 585,21
530 + 340,870
497 - 376,121
968 - 350,618
264 + 664,928
962 + 686,1648
299 + 839,1138
905 - 112,793
829 - 206,623
538 + 91,629
288 - 186,102
388 + 613,1001
309 - 246,63
572 - 366,206
117 - 60,57
948 - 447,501
726 - 180,546
448 + 710,1158
485 + 529,1014
872 - 126,746
967 - 396,571
830 - 152,678
891 + 403,1294
927 + 143,1070
946 - 734,212
690 + 597,1287
427 + 368,795
118 + 836,954
483 + 461,944
766 - 346,420
206 + 786,992
427 + 525,952
983 - 851,132
596 - 158,438
798 + 474,1272
914 - 582,332
587 - 111,476
794 - 592,202
609 - 362,247
854 - 193,661
903 - 591,312
777 + 22,799
390 + 128,518
370 + 994,1364
867 - 845,22
846 - 152,694
969 - 104,865
854 - 627,227
860 - 642,218
815 + 52,867
610 - 376,234
40 + 666,706
458 + 386,844
976 - 620,356
859 + 252,1111
695 - 545,150
590 + 475,1065
845 - 823,22
50 + 600,650
334 + 827,1161
869 - 156,713
605 - 282,323
736 + 743,1479
282 + 91,373
993 - 574,419
681 + 454,1135
684 - 361,323
969 - 283,686
415 + 788,1203
919 - 459,460
975 - 822,153
694 + 49,743
315 - 295,20
788 + 440,1228
600 + 963,1563
67 + 244,311
80 + 924,1004
295 + 445,740
414 + 31,445
934 - 96,838
417 + 215,632
965 - 9,956
517 + 379,896
142 + 841,983
246 + 113,359
595 - 244,351
751 - 661,90
405 - 274,131
449 + 673,1122
919 + 804,1723
156 - 19,137
228 + 591,819
993 - 6,987
671 - 90,581
799 - 232,567
628 + 401,1029
270 + 298,568
335 + 548,883
299 - 102,197
438 + 371,809
921 - 440,481
806 - 219,587
868 + 855,1723
809 + 461,1270
159 - 78,81
737 + 881,1618
962 + 334,1296
632 + 566,1198
345 + 928,1273
389 + 27,416
534 + 798,1332
729 - 271,458
776 + 770,1546
314 + 525,839
492 - 23,469
712 - 244,468
692 + 878,1570
415 - 28,387
789 + 938,1727
408 + 781,1189
398 + 412,810
946 + 666,1612
108 + 913,1021
366 - 1,365
717 - 43,674
822 + 974,1796
557 - 364,193
297 + 990,1287
495 - 393,102
358 - 95,263
768 - 700,68
407 - 398,9
777 - 759,18
694 + 542,1236
167 + 705,872
505 - 437,68
915 - 81,834
542 - 2,540
816 - 566,250
561 + 953,1514
943 - 924,19
238 - 222,16
824 + 388,1212
353 - 265,88
855 - 810,45
606 - 337,269
201 + 233,434
917 - 654,263
767 + 514,1281
26 - 12,14
666 - 345,321
553 + 363,916
127 + 944,1071
527 + 985,1512
139 + 997,1136
552 - 402,150
896 - 129,767
411 - 77,334
170 + 318,488
458 - 126,332
819 - 35,784
605 - 354,251
75 + 48,123
485 + 560,1045
801 - 401,400
720 + 393,1113
868 + 405,1273
771 - 298,473
894 - 147,747
637 - 611,26
581 + 330,911
633 - 86,547
476 + 600,1076
457 + 90,547
948 - 600,348
803 + 609,1412
956 - 423,533
645 + 815,1460
814 - 538,276
275 - 229,46
117 - 21,96
763 - 563,200
910 - 36,874
814 - 260,554
237 - 32,205
93 + 722,815
825 + 886,1711
519 + 21,540
309 - 100,209
546 - 526,20
816 - 675,141
434 - 323,111
416 + 827,1243
992 - 373,619
958 + 167,1125
912 + 990,1902
13 + 89,102
739 - 589,150
797 - 561,236
201 + 641,842
891 - 82,809
724 + 995,1719
820 + 477,1297
895 - 471,424
816 - 185,631
583 + 639,1222
529 - 208,321
879 - 753,126
350 - 46,304
894 - 218,676
466 + 195,661
371 + 174,545
598 + 771,1369
81 + 656,737
828 + 864,1692
306 + 117,423
242 + 687,929
382 - 169,213
476 + 777,1253
521 - 418,103
509 + 905,1414
358 + 49,407
531 - 1,530
899 - 752,147
676 + 149,825
71 + 332,403
260 - 124,136
668 - 645,23
309 - 52,257
868 - 854,14
81 + 76,157
275 + 707,982
799 + 61,860
639 - 559,80
723 - 403,320
514 - 428,86
831 + 712,1543
813 + 334,1147
572 + 253,825
634 + 992,1626
736 - 248,488
881 + 28,909
710 - 22,688
952 - 852,100
564 + 404,968
823 - 522,301
587 + 397,984
933 + 895,1828
923 - 855,68
218 + 138,356
120 + 446,566
294 + 233,527
354 - 187,167
381 + 173,554
703 - 465,238
53 + 790,843
888 - 79,809
91 + 786,877
931 - 658,273
339 + 65,404
649 + 719,1368
82 - 7,75
254 + 714,968
325 + 434,759
632 - 577,55
886 - 551,335
222 + 359,581
141 + 150,291
237 - 108,129
856 + 849,1705
446 + 492,938
133 + 237,370
502 - 416,86
522 + 698,1220
875 - 7,868
949 - 1,948
386 - 220,166
502 + 602,1104
683 - 147,536
689 - 622,67
459 - 63,396
490 - 208,282
19 + 804,823
325 - 162,163
435 + 969,1404
133 + 759,892
924 - 225,699
639 + 406,1045
937 - 72,865
326 + 250,576
952 - 195,757
630 - 567,63
660 + 645,1305
443 + 681,1124
870 - 121,749
481 + 896,1377
310 + 520,830
932 - 629,303
256 + 667,923
896 + 851,1747
819 - 75,744
536 + 681,1217
931 + 480,1411
515 + 218,733
566 - 60,506
514 - 143,371
435 + 171,606
981 + 633,1614
458 - 97,361
479 + 644,1123
951 - 693,258
385 + 526,911
979 - 434,545
330 + 16,346
406 + 785,1191
714 + 971,1685
286 + 72,358
581 - 37,544
199 + 885,1084
9 + 925,934
675 - 648,27
969 - 823,146
864 - 195,669
717 + 369,1086
304 + 924,1228
755 - 464,291
970 - 507,463
700 + 332,1032
232 + 359,591
910 - 868,42
809 + 619,1428
100 + 749,849
757 - 84,673
556 - 481,75
679 + 438,1117
769 - 587,182
321 + 812,1133
923 + 824,1747
264 + 968,1232
208 + 831,1039
979 - 408,571
584 + 669,1253
851 - 86,765
821 - 667,154
288 + 729,1017
110 + 183,293
144 + 336,480
466 - 62,404
560 - 480,80
896 - 535,361
897 + 769,1666
902 + 920,1822
806 - 549,257
464 - 34,430
245 + 552,797
90 + 988,1078
817 + 855,1672
954 - 507,447
913 - 666,247
817 + 283,1100
585 + 452,1037
510 + 496,1006
825 + 23,848
997 + 385,1382
328 + 615,943
175 + 878,1053
264 + 565,829
640 - 364,276
781 + 647,1428
911 + 858,1769
965 - 796,169
652 + 249,901
462 - 433,29
904 - 596,308
482 - 13,469
440 - 164,276
589 + 128,717
381 + 450,831
642 - 134,508
633 - 416,217
476 + 294,770
439 + 754,1193
549 - 389,160
669 + 794,1463
570 - 472,98
610 + 332,942
867 - 107,760
917 + 661,1578
368 - 297,71
150 + 564,714
682 + 122,804
368 + 990,1358
251 - 36,215
73 + 878,951
373 - 20,353
359 - 21,338
606 - 428,178
83 - 38,45
927 - 112,815
463 - 127,336
644 - 408,236
50 + 347,397
303 + 274,577
927 - 338,589
877 - 73,804
117 + 613,730
565 + 573,1138
725 - 598,127
500 - 337,163
921 - 812,109
959 - 32,927
569 - 157,412
955 + 450,1405
496 - 115,381
581 + 888,1469
401 - 130,271
708 + 787,1495
932 - 261,671
283 - 17,266
996 - 330,666
713 - 199,514
710 + 187,897
465 + 996,1461
967 - 283,684
759 - 257,502
958 - 616,342
937 - 341,596
957 - 27,930
136 + 644,780
987 - 14,973
743 - 396,347
996 - 393,603
222 + 457,679
866 - 54,812
474 + 145,619
335 + 339,674
269 + 544,813
811 + 739,1550
893 - 800,93
682 + 527,1209
349 + 285,634
349 - 310,39
167 - 80,87
495 - 378,117
990 - 214,776
843 + 635,1478
144 + 954,1098
923 - 771,152
446 - 376,70
323 + 243,566
99 + 69,168
558 - 412,146
972 - 341,631
21 + 239,260
867 - 219,648
697 + 628,1325
639 + 867,1506
954 + 921,1875
805 - 651,154
869 - 857,12
798 + 994,1792
315 - 90,225
872 + 418,1290
687 - 603,84
788 - 160,628
329 + 676,1005
175 + 831,1006
533 - 400,133
44 + 417,461
972 - 638,334
675 + 567,1242
892 - 543,349
618 - 587,31
645 + 712,1357
471 + 334,805
450 - 248,202
600 + 264,864
341 + 824,1165
44 - 16,28
568 + 538,1106
220 + 732,952
934 - 630,304
327 - 242,85
630 + 183,813
27 + 576,603
371 + 367,738
889 + 191,1080
954 - 800,154
747 - 519,228
42 + 855,897
30 + 753,783
495 + 394,889
925 - 856,69
616 - 336,280
769 - 444,325
639 + 377,1016
564 + 145,709
722 + 559,1281
607 - 178,429
999 - 335,664
715 + 185,900
476 + 716,1192
960 + 506,1466
213 + 639,852
794 + 580,1374
784 - 665,119
883 + 152,1035
927 - 314,613
925 - 494,431
954 - 13,941
661 - 209,452
594 + 961,1555
128 + 823,951
596 + 566,1162
319 + 125,444
917 + 131,1048
820 - 182,638
725 + 827,1552
600 + 404,1004
840 + 447,1287
965 - 582,383
847 + 150,997
859 + 417,1276
883 - 464,419
588 - 37,551
849 + 964,1813
899 - 688,211
597 - 169,428
843 - 392,451
201 + 786,987
482 - 74,408
320 + 26,346
475 + 348,823
747 - 491,256
361 + 734,1095
463 + 563,1026
9 + 745,754
977 - 565,412
372 + 614,986
536 + 923,1459
630 + 545,1175
808 + 398,1206
704 + 784,1488
317 + 194,511
720 + 449,1169
725 - 183,542
597 - 571,26
519 + 657,1176
359 - 304,55
284 + 717,1001
837 - 762,75
935 - 475,460
805 + 2,807
675 - 86,589
776 - 398,378
650 + 581,1231
476 + 360,836
403 - 75,328
142 + 922,1064
952 - 733,219
891 - 405,486
605 + 521,1126
806 + 202,1008
629 + 247,876
397 + 254,651
554 - 144,410
894 - 887,7
752 + 120,872
451 + 86,537
728 - 460,268
393 + 559,952
801 + 483,1284
474 + 860,1334
121 - 76,45
868 - 276,592
414 - 21,393
684 + 868,1552
673 - 534,139
155 + 304,459
577 - 181,396
810 + 957,1767
404 - 318,86
773 - 631,142
898 - 673,225
51 + 188,239
255 - 14,241
991 - 68,923
519 - 167,352
463 - 236,227
902 - 461,441
444 - 252,192
871 + 241,1112
391 - 270,121
875 - 353,522
711 - 341,370
806 - 709,97
911 + 832,1743
435 + 827,1262
246 + 391,637
666 - 428,238
720 - 147,573
776 - 123,653
724 - 254,470
825 - 604,221
694 + 761,1455
241 - 7,234
901 + 580,1481
173 + 531,704
573 - 427,146
57 + 546,603
879 - 872,7
497 - 431,66
602 + 159,761
874 + 418,1292
840 - 217,623
711 + 863,1574
753 + 115,868
431 - 370,61
872 - 732,140
549 + 575,1124
721 + 342,1063
772 + 880,1652
771 + 340,1111
756 - 497,259
580 + 965,1545
839 - 416,423
986 - 431,555
377 - 154,223
385 + 676,1061
693 - 206,487
907 - 706,201
439 - 235,204
